year,sidocode,guguncode,spot_nm,occrrnc_cnt,sido_sgg_nm,caslt_cnt,dth_dnv_cnt,se_dnv_cnt,sl_dnv_cnt,wnd_dnv_cnt,X,Y
2015,서울,강남구,서울특별시 강남구 논현동(청하빌딩 부근),5,서울특별시 강남구1,5,0,1,3,1,127.023858354581,37.507699584169
2015,서울,강남구,서울특별시 강남구 개포동(수서경찰서 부근),3,서울특별시 강남구2,3,0,1,2,0,127.076398597518,37.49249476792
2015,서울,강동구,서울특별시 강동구 성내동(산경빌딩 부근),7,서울특별시 강동구1,7,0,3,3,1,127.12770795366,37.537201293506
2015,서울,강동구,서울특별시 강동구 길동(마루빌딩 부근),3,서울특별시 강동구2,3,0,2,1,0,127.139970249329,37.537491034385
2015,서울,강북구,서울특별시 강북구 미아동(삼성생명 부근),9,서울특별시 강북구1,10,0,4,6,0,127.026476533766,37.625390073294
2015,서울,강북구,서울특별시 강북구 미아동(솔샘빌딩 부근),8,서울특별시 강북구2,8,0,5,3,0,127.029087443732,37.618947024387
2015,서울,강북구,서울특별시 강북구 수유동(북부안식일교회 부근),5,서울특별시 강북구3,5,1,1,3,0,127.01799915274,37.628681786236
2015,서울,강북구,서울특별시 강북구 수유동(우이초등교앞 부근),5,서울특별시 강북구4,7,0,1,6,0,127.016969939812,37.641051171375
2015,서울,강북구,서울특별시 강북구 미아동(목화빌라 부근),4,서울특별시 강북구5,5,1,3,1,0,127.024974508568,37.629575359816
2015,서울,강북구,서울특별시 강북구 번동(강북보건소 부근),4,서울특별시 강북구6,4,1,2,0,1,127.039057286566,37.632851018061
2015,서울,강북구,서울특별시 강북구 번동(강북유니온빌딩앞 부근),4,서울특별시 강북구7,4,0,4,0,0,127.042767463049,37.628291002928
2015,서울,강북구,서울특별시 강북구 미아동(유봉빌딩 부근),4,서울특별시 강북구8,4,0,3,1,0,127.03091966671,37.614087079956
2015,서울,강북구,서울특별시 강북구 미아동(금강빌딩 부근),4,서울특별시 강북구9,4,0,2,2,0,127.015456820577,37.619323877196
2015,서울,강북구,서울특별시 강북구 번동(용빌딩 부근),3,서울특별시 강북구10,3,0,3,0,0,127.034279285662,37.62624873789
2015,서울,강서구,서울특별시 강서구 화곡동(화곡사거리 부근),7,서울특별시 강서구1,7,0,3,3,1,126.846964603035,37.530627873479
2015,서울,강서구,서울특별시 강서구 등촌동(KBS88체육관 부근),5,서울특별시 강서구2,8,0,6,2,0,126.848570759834,37.557333569889
2015,서울,강서구,서울특별시 강서구 등촌동(가양5단지 부근),4,서울특별시 강서구3,4,1,3,0,0,126.851628899955,37.562915213967
2015,서울,강서구,서울특별시 강서구 화곡동(목동사거리 부근),4,서울특별시 강서구4,4,1,2,1,0,126.861863719936,37.532182295877
2015,서울,관악구,서울특별시 관악구 봉천동(현대시장입구 부근),5,서울특별시 관악구1,5,0,5,0,0,126.947615792036,37.482564321687
2015,서울,관악구,서울특별시 관악구 봉천동(관악프라자 부근),5,서울특별시 관악구2,5,0,3,2,0,126.954516374632,37.483712064361
2015,서울,관악구,서울특별시 관악구 신림동(뿌리약국 부근),4,서울특별시 관악구3,4,0,4,0,0,126.918879279856,37.473964851398
2015,서울,관악구,서울특별시 관악구 신림동(봉림교(남단) 부근),4,서울특별시 관악구4,6,0,2,4,0,126.924763422595,37.483492491286
2015,서울,관악구,서울특별시 관악구 봉천동(신우빌딩 부근),4,서울특별시 관악구5,4,0,2,2,0,126.940917506539,37.482975798395
2015,서울,관악구,서울특별시 관악구 신림동(관악구-동작구경계(7) 부근),4,서울특별시 관악구6,4,0,1,3,0,126.912925069138,37.48736854952
2015,서울,관악구,서울특별시 관악구 신림동(유완약국 부근),4,서울특별시 관악구7,4,0,1,3,0,126.930178958293,37.46684994507
2015,서울,관악구,서울특별시 관악구 봉천동(봉천고개 부근),3,서울특별시 관악구8,3,2,1,0,0,126.956750801409,37.490638703914
2015,서울,관악구,서울특별시 관악구 신림동(신림우방아파트 부근),3,서울특별시 관악구9,3,1,1,0,1,126.917526837994,37.489404973462
2015,서울,관악구,서울특별시 관악구 봉천동(보라매공원 부근),3,서울특별시 관악구10,3,0,2,1,0,126.926772892956,37.492314861243
2015,서울,광진구,서울특별시 광진구 중곡동(광제사약국 부근),5,서울특별시 광진구1,5,1,3,1,0,127.0818211866,37.56469263226
2015,서울,광진구,서울특별시 광진구 구의동(영화사입구삼거리 부근),4,서울특별시 광진구2,4,0,2,2,0,127.093204072111,37.555031922386
2015,서울,구로구,서울특별시 구로구 개봉동(배남준치과의원앞 부근),5,서울특별시 구로구1,5,1,2,1,1,126.856196794048,37.488215727075
2015,서울,구로구,서울특별시 구로구 구로동(구로초등교 부근),5,서울특별시 구로구2,8,0,5,3,0,126.882838870618,37.495132217779
2015,서울,구로구,서울특별시 구로구 개봉동(개봉역 부근),5,서울특별시 구로구3,5,0,3,2,0,126.857403759777,37.493536467935
2015,서울,구로구,서울특별시 구로구 가리봉동(햇살무리예능선교원 부근),5,서울특별시 구로구4,5,0,2,3,0,126.887031761807,37.482363487786
2015,서울,구로구,서울특별시 구로구 구로동(기업은행구로북지점 부근),4,서울특별시 구로구5,4,1,2,0,1,126.891101934208,37.496435746414
2015,서울,구로구,서울특별시 구로구 구로동(영서중 부근),4,서울특별시 구로구6,4,0,4,0,0,126.891353128345,37.489532992854
2015,서울,구로구,서울특별시 구로구 구로동(구로4동우체국 부근),4,서울특별시 구로구7,4,0,3,1,0,126.884193765831,37.490108240604
2015,서울,구로구,서울특별시 구로구 궁동(수궁동사무소입구삼거리 부근),4,서울특별시 구로구8,5,0,2,3,0,126.832614906254,37.493317876919
2015,서울,구로구,서울특별시 구로구 오류동(시티월드앞 부근),3,서울특별시 구로구9,4,0,2,2,0,126.840115654115,37.494296247575
2015,서울,구로구,서울특별시 구로구 오류동((주)유천인바이트 부근),3,서울특별시 구로구10,3,0,2,1,0,126.844795223322,37.493757004183
2015,서울,금천구,서울특별시 금천구 독산동(박재영과위원 부근),6,서울특별시 금천구1,6,0,5,1,0,126.902094831412,37.468281896893
2015,서울,금천구,서울특별시 금천구 시흥동(장혁빌딩 부근),4,서울특별시 금천구2,4,1,1,2,0,126.905386268263,37.457483800938
2015,서울,중랑구,서울특별시 노원구 하계동(노원소방서 부근),4,서울특별시 노원구1,4,1,2,1,0,127.072538433003,37.637975545736
2015,서울,중랑구,서울특별시 노원구 공릉동(안성민치과의원 부근),4,서울특별시 노원구2,4,0,3,1,0,127.076131601393,37.623477406858
2015,서울,중랑구,서울특별시 노원구 상계동(마들역 부근),3,서울특별시 노원구3,3,0,2,1,0,127.057248057053,37.664429403195
2015,서울,중랑구,서울특별시 노원구 상계동(상계9동사무소 부근),3,서울특별시 노원구4,3,0,2,1,0,127.064218563737,37.664689837867
2015,서울,도봉구,서울특별시 도봉구 도봉동(신도봉사거리 부근),5,서울특별시 도봉구1,7,2,4,1,0,127.044030719144,37.671344118637
2015,서울,도봉구,서울특별시 도봉구 창동(남대문약국 부근),4,서울특별시 도봉구2,5,0,4,1,0,127.037936252857,37.637587387549
2015,서울,도봉구,서울특별시 도봉구 쌍문동(도봉전화국 부근),4,서울특별시 도봉구3,4,0,2,2,0,127.035466478896,37.647977180503
2015,서울,도봉구,서울특별시 도봉구 도봉동(극동쌍용아파트 부근),3,서울특별시 도봉구4,3,0,1,2,0,127.027336705626,37.653255455376
2015,서울,동대문구,서울특별시 동대문구 제기동(우리은행청량리중앙지점 부근),13,서울특별시 동대문구1,13,0,7,6,0,127.041388808648,37.579064477545
2015,서울,동대문구,서울특별시 동대문구 청량리동(청량리역_홍릉길_진입_1 부근),8,서울특별시 동대문구2,8,0,6,2,0,127.044996686349,37.581368154817
2015,서울,동대문구,서울특별시 동대문구 제기동(용두교앞 부근),6,서울특별시 동대문구3,6,0,4,2,0,127.034618912834,37.578199929584
2015,서울,동대문구,서울특별시 동대문구 이문동(사슴약국 부근),5,서울특별시 동대문구4,5,0,3,2,0,127.062043454443,37.60082174343
2015,서울,동대문구,서울특별시 동대문구 전농동(전농동사거리_전농로_진입_2 부근),5,서울특별시 동대문구5,5,0,3,2,0,127.057600641657,37.577123614664
2015,서울,동대문구,서울특별시 동대문구 제기동(양지장여관 부근),4,서울특별시 동대문구6,4,1,3,0,0,127.037243798264,37.588216407662
2015,서울,동대문구,서울특별시 동대문구 휘경동(외대앞역지하차도(동측) 부근),4,서울특별시 동대문구7,4,1,2,1,0,127.064216111286,37.594818999898
2015,서울,동대문구,서울특별시 동대문구 답십리동(답십리사거리 부근),4,서울특별시 동대문구8,4,0,3,1,0,127.058052271296,37.572773786382
2015,서울,동대문구,서울특별시 동대문구 이문동(이문동우편취급소 부근),4,서울특별시 동대문구9,4,0,3,1,0,127.062034429746,37.604902115941
2015,서울,동대문구,서울특별시 동대문구 이문동(우영목욕탕 부근),3,서울특별시 동대문구10,3,0,3,0,0,127.058460586888,37.59355487326
2015,서울,동작구,서울특별시 동작구 대방동(상도3동주민센터 부근),7,서울특별시 동작구1,10,0,8,1,1,126.930685710978,37.50005749256
2015,서울,동작구,서울특별시 동작구 상도동(상도지구대 부근),6,서울특별시 동작구2,6,0,3,2,1,126.939538495106,37.504266192931
2015,서울,동작구,서울특별시 동작구 상도동(명수대상가 부근),5,서울특별시 동작구3,5,0,3,2,0,126.96220619596,37.507597221535
2015,서울,동작구,서울특별시 동작구 노량진동(성애병원입구 부근),4,서울특별시 동작구4,4,0,2,2,0,126.924774785529,37.510945160991
2015,서울,마포구,서울특별시 마포구 서교동(홍대입구역 부근),7,서울특별시 마포구1,8,0,3,4,1,126.921492025338,37.555042974155
2015,서울,마포구,서울특별시 마포구 망원동(상암교 부근),3,서울특별시 마포구2,4,1,2,1,0,126.899836144524,37.566073705838
2015,서울,마포구,서울특별시 마포구 연남동(로얄빌딩 부근),3,서울특별시 마포구3,3,1,2,0,0,126.920186145875,37.564354688619
2015,서울,마포구,서울특별시 마포구 노고산동(신촌로터리_신촌로_진출 부근),3,서울특별시 마포구4,4,1,0,1,2,126.935661107675,37.554425228942
2015,서울,서대문구,서울특별시 서대문구 홍제동(서부빌딩 부근),8,서울특별시 서대문구1,9,0,4,3,2,126.944643253884,37.588092827323
2015,서울,서대문구,서울특별시 서대문구 홍은동(홍은사거리_홍은중앙길_진입 부근),6,서울특별시 서대문구2,6,2,4,0,0,126.941885857847,37.591585332798
2015,서울,서대문구,서울특별시 서대문구 홍제동(충만한교회 부근),6,서울특별시 서대문구3,6,0,4,2,0,126.947814859669,37.593607195816
2015,서울,서대문구,서울특별시 서대문구 북아현동(SC제일은행 부근),4,서울특별시 서대문구4,4,0,4,0,0,126.955814394919,37.561991507703
2015,서울,서대문구,서울특별시 서대문구 북가좌동(고려가정의학과의원 부근),3,서울특별시 서대문구5,3,1,0,1,1,126.913817248768,37.581993504697
2015,서울,서대문구,서울특별시 서대문구 현저동(독립문_의주로_진출_2 부근),3,서울특별시 서대문구6,3,0,3,0,0,126.959826135669,37.572483570661
2015,서울,서초구,서울특별시 서초구 서초동(양재지하차도(서측) 부근),4,서울특별시 서초구1,4,0,2,1,1,127.031796331237,37.484917909535
2015,서울,서초구,서울특별시 서초구 잠원동(반포쇼핑센타 부근),3,서울특별시 서초구2,4,0,4,0,0,127.004054344234,37.50652745368
2015,서울,성동구,서울특별시 성동구 마장동(마장현대아파트 부근),6,서울특별시 성동구1,6,0,3,3,0,127.041962469094,37.570478315423
2015,서울,성동구,서울특별시 성동구 도선동(홍익동123빌딩 부근),5,서울특별시 성동구2,5,0,4,1,0,127.035759935774,37.566172753571
2015,서울,성동구,서울특별시 성동구 행당동(왕십리역_왕십리길_진입_1 부근),5,서울특별시 성동구3,5,0,3,2,0,127.034922843216,37.561449897296
2015,서울,성동구,서울특별시 성동구 금호동3가(금남시장 부근),5,서울특별시 성동구4,5,0,3,1,1,127.021915639996,37.54822227384
2015,서울,성동구,서울특별시 성동구 금호동1가(논골사거리 부근),3,서울특별시 성동구5,3,1,2,0,0,127.02490536779,37.556701386061
2015,서울,성동구,서울특별시 성동구 상왕십리동(상왕십리역 부근),3,서울특별시 성동구6,3,1,2,0,0,127.030134157466,37.564152415802
2015,서울,성동구,서울특별시 성동구 성수동2가(성수사거리 부근),3,서울특별시 성동구7,3,1,0,1,1,127.063697373336,37.542248130548
2015,서울,성동구,서울특별시 성동구 금호동1가(응봉현대아파트 부근),3,서울특별시 성동구8,3,0,3,0,0,127.029921027135,37.549524699007
2015,서울,성동구,서울특별시 성동구 옥수동(옥수동노인정 부근),3,서울특별시 성동구9,3,0,2,1,0,127.017248576762,37.541392431017
2015,서울,성북구,서울특별시 성북구 길음동(길음뉴타운 상가동 부근),7,서울특별시 성북구1,7,0,2,5,0,127.022808957269,37.603792384012
2015,서울,성북구,서울특별시 성북구 장위동(중고재활용센타 부근),6,서울특별시 성북구2,6,1,4,1,0,127.049360492794,37.616748515632
2015,서울,성북구,서울특별시 성북구 돈암동(서경대입구 부근),6,서울특별시 성북구3,6,1,4,1,0,127.014306306192,37.603545262904
2015,서울,성북구,서울특별시 성북구 동선동4가(엔젤오피스텔 부근),4,서울특별시 성북구4,4,1,2,1,0,127.019419463738,37.594652928391
2015,서울,성북구,서울특별시 성북구 종암동(종암동 근린생활시설 부근),4,서울특별시 성북구5,4,0,3,1,0,127.034287786953,37.599261674188
2015,서울,성북구,서울특별시 성북구 삼선동1가(한성대입구역_동소문로_진입_1 부근),4,서울특별시 성북구6,6,0,1,5,0,127.006374794762,37.588439814547
2015,서울,성북구,서울특별시 성북구 하월곡동(원조산천칡냉면 부근),3,서울특별시 성북구7,3,0,3,0,0,127.040837680716,37.601273829924
2015,서울,성북구,서울특별시 성북구 장위동(신한은행(장위지점) 부근),3,서울특별시 성북구8,3,0,1,1,1,127.051634665109,37.609886227968
2015,서울,송파구,서울특별시 송파구 잠실동(송파구청 부근),4,서울특별시 송파구1,6,0,4,1,1,127.106515271364,37.515290614072
2015,서울,송파구,서울특별시 송파구 가락동(금호아파트 부근),4,서울특별시 송파구2,4,0,2,2,0,127.116349258113,37.49520257534
2015,서울,송파구,서울특별시 송파구 가락동(GS마트입구 부근),3,서울특별시 송파구3,3,0,3,0,0,127.116306342465,37.491571292782
2015,서울,양천구,서울특별시 양천구 신정동(신정네거리역 부근),7,서울특별시 양천구1,7,0,5,2,0,126.852679854892,37.520344254485
2015,서울,양천구,서울특별시 양천구 신월동(샛별유치원 부근),6,서울특별시 양천구2,7,0,2,5,0,126.837132941933,37.518635897829
2015,서울,양천구,서울특별시 양천구 신정동(목동9-10단지 부근),5,서울특별시 양천구3,5,0,3,2,0,126.861510502209,37.516523965909
2015,서울,양천구,서울특별시 양천구 신정동(김약국 부근),4,서울특별시 양천구4,4,0,1,3,0,126.851146905606,37.516634447623
2015,서울,양천구,서울특별시 양천구 목동(목동초등학교 부근),3,서울특별시 양천구5,3,0,3,0,0,126.871157483032,37.523042392393
2015,서울,양천구,서울특별시 양천구 신월동(선주빌라 부근),3,서울특별시 양천구6,3,0,3,0,0,126.830281129572,37.532788277058
2015,서울,영등포구,서울특별시 영등포구 영등포동(영등포역고가차도(남측) 부근),6,서울특별시 영등포구1,6,0,2,3,1,126.908020767446,37.513956531869
2015,서울,영등포구,서울특별시 영등포구 영등포동6가(영등포시장앞 부근),5,서울특별시 영등포구2,5,0,2,3,0,126.905030984793,37.521005706749
2015,서울,영등포구,서울특별시 영등포구 도림동(도림초등학교 부근),4,서울특별시 영등포구3,4,1,2,1,0,126.907124262076,37.509406706955
2015,서울,영등포구,서울특별시 영등포구 양평동2가(정진한의원 부근),3,서울특별시 영등포구4,3,1,1,1,0,126.885495790799,37.522161817615
2015,서울,영등포구,서울특별시 영등포구 신길동(엔-씨티오피스텔_노량진로_진입 부근),3,서울특별시 영등포구5,3,0,3,0,0,126.918286441367,37.514620316975
2015,서울,영등포구,서울특별시 영등포구 대림동(영등포구청 부근),2,서울특별시 영등포구6,2,1,1,0,0,126.899283458066,37.527040116309
2015,서울,용산구,서울특별시 용산구 후암동(후암시장 부근),5,서울특별시 용산구1,5,1,3,1,0,126.97754485741,37.549795790644
2015,서울,용산구,서울특별시 용산구 용산동3가(삼각지역 부근),5,서울특별시 용산구2,5,0,4,1,0,126.974204841881,37.535248516407
2015,서울,용산구,서울특별시 용산구 보광동(81번종점 부근),4,서울특별시 용산구3,5,0,1,4,0,126.999939212925,37.526995267119
2015,서울,용산구,서울특별시 용산구 갈월동(항강로-청파1로진출로 부근),3,서울특별시 용산구4,3,1,0,2,0,126.971687053116,37.549417686878
2015,서울,용산구,서울특별시 용산구 남영동(숙대입구역 부근),3,서울특별시 용산구5,3,0,1,2,0,126.972065297177,37.545101336758
2015,서울,은평구,서울특별시 은평구 응암동(증산손칼국수 부근),5,서울특별시 은평구1,5,2,0,2,1,126.912768619477,37.587732888063
2015,서울,은평구,서울특별시 은평구 응암동(은현교회 부근),4,서울특별시 은평구2,4,1,3,0,0,126.915765217192,37.58596358795
2015,서울,은평구,서울특별시 은평구 응암동(은평구청입구 부근),4,서울특별시 은평구3,4,0,3,1,0,126.926196497671,37.600453616742
2015,서울,은평구,서울특별시 은평구 불광동(연서로-연천초교길진출로 부근),4,서울특별시 은평구4,4,0,2,2,0,126.924167595659,37.620372031645
2015,서울,은평구,서울특별시 은평구 응암동(연흥초등학교 부근),3,서울특별시 은평구5,3,1,2,0,0,126.918787954601,37.589995997818
2015,서울,은평구,서울특별시 은평구 갈현동(하나은행연신내지점 부근),3,서울특별시 은평구6,3,1,2,0,0,126.918257663062,37.616069929485
2015,서울,은평구,서울특별시 은평구 불광동(연신초교삼거리 부근),3,서울특별시 은평구7,3,0,3,0,0,126.928941294206,37.62497761003
2015,서울,은평구,서울특별시 은평구 증산동(증산역 부근),3,서울특별시 은평구8,6,0,2,4,0,126.90987273504,37.584205237982
2015,서울,은평구,서울특별시 은평구 신사동(신사동고개_은평로_진입 부근),3,서울특별시 은평구9,3,0,2,1,0,126.911175772645,37.598165106535
2015,서울,은평구,서울특별시 은평구 대조동(우성정육점 부근),3,서울특별시 은평구10,3,0,2,0,1,126.922436853979,37.614534771463
2015,서울,종로구,서울특별시 종로구 관수동(종로3가 부근),10,서울특별시 종로구1,11,1,4,5,1,126.991031169054,37.570193400306
2015,서울,종로구,서울특별시 종로구 숭인동(황학교(북단)_난계로_진출_1 부근),7,서울특별시 종로구2,7,0,6,1,0,127.023269470411,37.573444332591
2015,서울,종로구,서울특별시 종로구 숭인동(영도교(남단) 부근),5,서울특별시 종로구3,5,0,4,1,0,127.018814354,37.571106410034
2015,서울,종로구,서울특별시 종로구 낙원동(낙원상가 부근),5,서울특별시 종로구4,5,0,3,2,0,126.988593011659,37.57266319675
2015,서울,종로구,서울특별시 종로구 효제동(율곡로-충효길진출로 부근),4,서울특별시 종로구5,4,0,1,3,0,127.005727545491,37.574692112252
2015,서울,종로구,서울특별시 종로구 경운동(안국동사거리_율곡로_진출_1 부근),3,서울특별시 종로구6,5,1,2,2,0,126.983871261551,37.575781552777
2015,서울,종로구,서울특별시 종로구 창신동(박민규이빈후과 부근),3,서울특별시 종로구7,3,0,1,1,1,127.015422501548,37.57691613837
2015,서울,중구,서울특별시 중구 봉래동2가(동자로터리_한강로_진입 부근),7,서울특별시 중구1,7,1,3,3,0,126.972553146112,37.555163798971
2015,서울,중구,서울특별시 중구 신당동(약수역_동호로_진입_1 부근),7,서울특별시 중구2,7,0,7,0,0,127.011644981132,37.553780774764
2015,서울,중구,서울특별시 중구 남창동(신세계백화점(정문) 부근),6,서울특별시 중구3,6,1,4,1,0,126.977979458386,37.559511499457
2015,서울,중구,서울특별시 중구 신당동(기업은행성동지점 부근),6,서울특별시 중구4,7,0,3,3,1,127.020916161353,37.565423747809
2015,서울,중구,서울특별시 중구 산림동(남강빌딩 부근),4,서울특별시 중구5,4,1,2,0,1,126.997830691235,37.567992239451
2015,서울,중구,서울특별시 중구 충무로3가(호운빌딩 부근),4,서울특별시 중구6,5,0,3,2,0,126.993084404023,37.562644142114
2015,서울,중구,서울특별시 중구 의주로2가(염천교 부근),3,서울특별시 중구7,3,0,2,0,1,126.971139622297,37.559600472984
2015,서울,중랑구,서울특별시 노원구 하계동(노원소방서 부근),4,서울특별시 노원구1,4,1,2,1,0,127.072538433003,37.637975545736
2015,서울,중랑구,서울특별시 노원구 공릉동(안성민치과의원 부근),4,서울특별시 노원구2,4,0,3,1,0,127.076131601393,37.623477406858
2015,서울,중랑구,서울특별시 노원구 상계동(마들역 부근),3,서울특별시 노원구3,3,0,2,1,0,127.057248057053,37.664429403195
2015,서울,중랑구,서울특별시 노원구 상계동(상계9동사무소 부근),3,서울특별시 노원구4,3,0,2,1,0,127.064218563737,37.664689837867
2016,서울,강남구,서울특별시 강남구 도곡동(삼성엔지니어링 사옥 부근),6,서울특별시 강남구1,6,0,2,4,0,127.052366575658,37.488209959723
2016,서울,강남구,서울특별시 강남구 도곡동(양재역_강남대로_진입_2 부근),4,서울특별시 강남구2,4,0,1,2,1,127.034398186828,37.485496215879
2016,서울,강남구,서울특별시 강남구 대치동(은마아파트입구 부근),3,서울특별시 강남구3,3,0,2,0,1,127.061039006146,37.498764252169
2016,서울,강남구,서울특별시 강남구 수서동(수서역_국가지원지방도23호선_진 부근),3,서울특별시 강남구4,3,0,1,1,1,127.102184289275,37.487062434685
2016,서울,강동구,서울특별시 강동구 성내동(동신빌딩 부근),4,서울특별시 강동구1,5,0,3,2,0,127.13217459848,37.532675601898
2016,서울,강동구,서울특별시 강동구 성내동(천호사거리_풍납로_진입 부근),4,서울특별시 강동구2,4,0,2,2,0,127.122567386577,37.536755472588
2016,서울,강동구,서울특별시 강동구 암사동(공간미술학원 부근),3,서울특별시 강동구3,4,1,3,0,0,127.135314805335,37.552560226574
2016,서울,강동구,서울특별시 강동구 명일동(명일역 부근),3,서울특별시 강동구4,3,0,2,1,0,127.144289938631,37.550748844485
2016,서울,강동구,서울특별시 강동구 성내동(삼성A상가 부근),3,서울특별시 강동구5,3,0,2,1,0,127.126962931895,37.531451436635
2016,서울,강동구,서울특별시 강동구 길동(천호시장 부근),3,서울특별시 강동구6,3,0,2,1,0,127.127101986868,37.540462433096
2016,서울,강북구,서울특별시 강북구 수유동(수유역 부근),9,서울특별시 강북구1,10,0,6,4,0,127.026198461591,37.63874426104
2016,서울,강북구,서울특별시 강북구 미아동(삼양사거리 부근),5,서울특별시 강북구2,7,0,2,5,0,127.021096883715,37.619248360225
2016,서울,강북구,서울특별시 강북구 미아동(두산힐스빌 부근),5,서울특별시 강북구3,5,0,2,2,1,127.026945326067,37.626046085559
2016,서울,강북구,서울특별시 강북구 미아동(삼양시장 부근),4,서울특별시 강북구4,4,1,3,0,0,127.018427005203,37.625144838964
2016,서울,강북구,서울특별시 강북구 수유동(화계사입구 부근),4,서울특별시 강북구5,7,0,6,1,0,127.017434927981,37.634441378268
2016,서울,강북구,서울특별시 강북구 미아동(미아동소방소앞 부근),4,서울특별시 강북구6,4,0,4,0,0,127.016490724369,37.620112890199
2016,서울,강북구,서울특별시 강북구 수유동(광산타워 부근),4,서울특별시 강북구7,4,0,2,2,0,127.022452987616,37.641075266012
2016,서울,강북구,서울특별시 강북구 미아동(백산모텔 부근),4,서울특별시 강북구8,4,0,1,3,0,127.024534357875,37.6348646298
2016,서울,강북구,서울특별시 강북구 번동(강북유니온빌딩앞 부근),3,서울특별시 강북구9,3,0,3,0,0,127.043065580213,37.628313199995
2016,서울,강북구,서울특별시 강북구 미아동(송중초등교 부근),3,서울특별시 강북구10,3,0,2,1,0,127.031448537321,37.616477734261
2016,서울,강서구,서울특별시 강서구 방화동(방화5단지3R 부근),5,서울특별시 강서구1,5,0,3,1,1,126.811809986443,37.576327681378
2016,서울,강서구,서울특별시 강서구 방화동(동화나라어린이집 부근),4,서울특별시 강서구2,4,0,4,0,0,126.814427398507,37.567607526567
2016,서울,강서구,서울특별시 강서구 화곡동(화곡초등학교 부근),4,서울특별시 강서구3,4,0,3,1,0,126.845046019959,37.543368308102
2016,서울,강서구,서울특별시 강서구 화곡동(신정여상 부근),4,서울특별시 강서구4,5,0,2,1,2,126.856527225652,37.531520892176
2016,서울,강서구,서울특별시 강서구 염창동(태진아파트앞 부근),2,서울특별시 강서구5,2,1,1,0,0,126.874691574957,37.549702484183
2016,서울,관악구,서울특별시 관악구 남현동(사당고가차도(서측) 부근),7,서울특별시 관악구1,7,0,3,3,1,126.979241092104,37.477478337156
2016,서울,관악구,서울특별시 관악구 신림동(난곡우체국앞 부근),5,서울특별시 관악구2,6,1,3,1,1,126.915935451661,37.476698540406
2016,서울,관악구,서울특별시 관악구 봉천동(임마누엘교회 부근),5,서울특별시 관악구3,5,0,4,1,0,126.943465115923,37.483121851893
2016,서울,관악구,서울특별시 관악구 봉천동(봉천광성교회 부근),4,서울특별시 관악구4,4,0,3,1,0,126.956869805998,37.478918661668
2016,서울,관악구,서울특별시 관악구 신림동(신림교(북단) 부근),4,서울특별시 관악구5,4,0,2,2,0,126.929096992034,37.481769346179
2016,서울,관악구,서울특별시 관악구 신림동(뿌리약국 부근),4,서울특별시 관악구6,4,0,2,1,1,126.918972295836,37.473984727314
2016,서울,관악구,서울특별시 관악구 봉천동(봉천11동사무소 부근),3,서울특별시 관악구7,3,1,2,0,0,126.965818829277,37.474752928206
2016,서울,관악구,서울특별시 관악구 봉천동(보라매공원_신림로_진입 부근),3,서울특별시 관악구8,3,0,2,1,0,126.926934367128,37.49220477703
2016,서울,관악구,서울특별시 관악구 봉천동(청림경로당 부근),3,서울특별시 관악구9,3,0,1,2,0,126.958094241057,37.486342467132
2016,서울,관악구,서울특별시 관악구 봉천동(진아빌리지 부근),2,서울특별시 관악구10,2,1,1,0,0,126.937338306419,37.486334924518
2016,서울,광진구,서울특별시 광진구 중곡동(용마사거리 부근),3,서울특별시 광진구1,3,1,1,1,0,127.082950471588,37.561867412952
2016,서울,구로구,서울특별시 구로구 개봉동(중원오피스텔 부근),6,서울특별시 구로구1,6,0,3,3,0,126.852057491661,37.498697853424
2016,서울,구로구,서울특별시 구로구 가리봉동(햇살무리예능선교원 부근),4,서울특별시 구로구2,4,0,3,1,0,126.887373803659,37.482472617818
2016,서울,구로구,서울특별시 구로구 구로동(풍국상회 부근),4,서울특별시 구로구3,4,0,3,0,1,126.888410196774,37.491311268201
2016,서울,구로구,서울특별시 구로구 고척동(삼영아파트 부근),3,서울특별시 구로구4,3,0,3,0,0,126.85710450497,37.499445573156
2016,서울,구로구,서울특별시 구로구 고척동(의성빌딩 부근),3,서울특별시 구로구5,3,0,3,0,0,126.866569454917,37.500362940099
2016,서울,구로구,서울특별시 구로구 구로동(고대구로병원_구로동길_진입 부근),2,서울특별시 구로구6,2,1,1,0,0,126.88365579498,37.492033466972
2016,서울,구로구,서울특별시 구로구 오류동(새마을금고오류2동지점 부근),2,서울특별시 구로구7,2,1,1,0,0,126.839836530633,37.491239753213
2016,서울,금천구,서울특별시 금천구 가산동(모텔케슬 부근),3,서울특별시 금천구1,3,1,1,1,0,126.889295085601,37.478954505947
2016,서울,금천구,서울특별시 금천구 독산동(시흥IC_남부순환로_진입_4 부근),3,서울특별시 금천구2,3,1,1,0,1,126.897431289923,37.478255007863
2016,서울,금천구,서울특별시 금천구 독산동(한진어패럴 부근),3,서울특별시 금천구3,5,0,3,2,0,126.903396457981,37.474097701049
2016,서울,금천구,서울특별시 금천구 시흥동(시흥사거리 부근),3,서울특별시 금천구4,4,0,3,0,1,126.902017588642,37.45452440278
2016,서울,금천구,서울특별시 금천구 독산동(가산중(가남물산앞) 부근),3,서울특별시 금천구5,3,0,3,0,0,126.894367176505,37.466458515149
2016,서울,금천구,서울특별시 금천구 독산동(신평대일타운 부근),2,서울특별시 금천구6,2,1,1,0,0,126.893746455436,37.474878825199
2016,서울,중랑구,서울특별시 노원구 상계동(LG하이프라자 부근),4,서울특별시 노원구1,4,1,3,0,0,127.055248734642,37.677194996353
2016,서울,중랑구,서울특별시 노원구 중계동(상명여자중고등학교 부근),3,서울특별시 노원구2,4,0,3,1,0,127.067563851991,37.647294776734
2016,서울,중랑구,서울특별시 노원구 공릉동(하계지하차도(남측) 부근),3,서울특별시 노원구3,3,0,2,1,0,127.0705517029,37.630299867146
2016,서울,중랑구,서울특별시 노원구 상계동(상계초교입구 부근),3,서울특별시 노원구4,3,0,1,2,0,127.066154312173,37.656837480266
2016,서울,도봉구,서울특별시 도봉구 방학동(방학프라자 부근),4,서울특별시 도봉구1,6,0,3,2,1,127.035883993652,37.665165328318
2016,서울,도봉구,서울특별시 도봉구 창동(창동견인보관소앞 부근),4,서울특별시 도봉구2,4,0,3,1,0,127.047759243595,37.654862257888
2016,서울,도봉구,서울특별시 도봉구 도봉동(오일뱅크 부근),3,서울특별시 도봉구3,3,1,0,0,2,127.043999223986,37.673313118606
2016,서울,도봉구,서울특별시 도봉구 방학동(LG대경주유소 부근),3,서울특별시 도봉구4,3,0,3,0,0,127.04319810521,37.666108454542
2016,서울,도봉구,서울특별시 도봉구 방학동(방학신동아APT 부근),3,서울특별시 도봉구5,3,0,3,0,0,127.03166179086,37.661942051086
2016,서울,도봉구,서울특별시 도봉구 쌍문동(쌍문3파출소 부근),3,서울특별시 도봉구6,3,0,2,1,0,127.026433347422,37.647923442414
2016,서울,동대문구,서울특별시 동대문구 제기동(성바오로병원앞 부근),15,서울특별시 동대문구1,16,0,9,7,0,127.041982873812,37.579993998825
2016,서울,동대문구,서울특별시 동대문구 용두동(경동시장 부근),12,서울특별시 동대문구2,14,1,10,2,1,127.038329540777,37.57824298013
2016,서울,동대문구,서울특별시 동대문구 청량리동(옥치과의원 부근),8,서울특별시 동대문구3,8,1,3,3,1,127.045673393813,37.580429638518
2016,서울,동대문구,서울특별시 동대문구 전농동(전농동사거리_사가정길_진입_2 부근),8,서울특별시 동대문구4,10,0,7,2,1,127.057261727648,37.577512650589
2016,서울,동대문구,서울특별시 동대문구 제기동(양지장여관 부근),7,서울특별시 동대문구5,8,0,5,2,1,127.037445533286,37.587897916357
2016,서울,동대문구,서울특별시 동대문구 휘경동(백합빌딩 부근),6,서울특별시 동대문구6,6,0,3,3,0,127.057820202142,37.590077830728
2016,서울,동대문구,서울특별시 동대문구 신설동(황학교(북단)_난계로_진출_1 부근),5,서울특별시 동대문구7,5,0,1,4,0,127.024581576779,37.572894215497
2016,서울,동대문구,서울특별시 동대문구 이문동(사슴약국 부근),4,서울특별시 동대문구8,4,0,4,0,0,127.061599288278,37.599271187216
2016,서울,동대문구,서울특별시 동대문구 장안동(장안동우리은행 부근),4,서울특별시 동대문구9,4,0,2,2,0,127.068369688611,37.565305954607
2016,서울,동대문구,서울특별시 동대문구 이문동(휘경성모의원 부근),4,서울특별시 동대문구10,4,0,2,2,0,127.062349104329,37.595581557544
2016,서울,동작구,서울특별시 동작구 상도동(덕신빌딩 부근),8,서울특별시 동작구1,10,1,2,7,0,126.937346153903,37.504767029875
2016,서울,동작구,서울특별시 동작구 상도동(성대약국 부근),6,서울특별시 동작구2,6,0,3,3,0,126.932180853665,37.500030480523
2016,서울,동작구,서울특별시 동작구 사당동(사당시장 부근),5,서울특별시 동작구3,5,0,3,2,0,126.97332164378,37.482778854062
2016,서울,동작구,서울특별시 동작구 흑석동(명수대상가 부근),3,서울특별시 동작구4,3,0,1,2,0,126.961664536091,37.507446407926
2016,서울,마포구,서울특별시 마포구 동교동(동교동삼거리_연희로_진출 부근),5,서울특별시 마포구1,5,0,2,3,0,126.926943295598,37.559181753136
2016,서울,마포구,서울특별시 마포구 도화동(진도빌딩 부근),3,서울특별시 마포구2,3,0,2,1,0,126.948090000954,37.54039362057
2016,서울,마포구,서울특별시 마포구 아현동(굴레방다리_굴레방길_진출 부근),3,서울특별시 마포구3,3,0,2,0,1,126.955952474128,37.557016707256
2016,서울,마포구,서울특별시 마포구 염리동(서울여고 부근),2,서울특별시 마포구4,2,1,1,0,0,126.947353267341,37.545319525776
2016,서울,서대문구,서울특별시 서대문구 영천동(교남동사무소 부근),6,서울특별시 서대문구1,7,1,5,1,0,126.961434617215,37.570720561306
2016,서울,서대문구,서울특별시 서대문구 남가좌동(남가좌동사거리 부근),5,서울특별시 서대문구2,5,0,1,4,0,126.923085426153,37.57749245991
2016,서울,서대문구,서울특별시 서대문구 북가좌동(북가좌사거리 부근),4,서울특별시 서대문구3,4,1,3,0,0,126.913215767795,37.582527381834
2016,서울,서대문구,서울특별시 서대문구 연희동(연희IC_연희로_진출_2 부근),4,서울특별시 서대문구4,4,1,1,2,0,126.930173262887,37.56581842608
2016,서울,서대문구,서울특별시 서대문구 북가좌동(서대문구-은평구경계(1) 부근),4,서울특별시 서대문구5,4,0,2,2,0,126.90309842895,37.577130099675
2016,서울,서대문구,서울특별시 서대문구 홍제동(서부빌딩 부근),3,서울특별시 서대문구6,3,0,2,1,0,126.945641613771,37.588632980828
2016,서울,서대문구,서울특별시 서대문구 홍제동(인왕APT 부근),3,서울특별시 서대문구7,3,0,1,1,1,126.948683192876,37.584378807137
2016,서울,서초구,서울특별시 서초구 방배동(대성문구인쇄 부근),10,서울특별시 서초구1,11,0,7,4,0,126.980267391228,37.484749694943
2016,서울,서초구,서울특별시 서초구 서초동(국제전자센타 부근),3,서울특별시 서초구2,3,1,1,1,0,127.017542381677,37.48522110607
2016,서울,서초구,서울특별시 서초구 방배동(서울고교 부근),3,서울특별시 서초구3,3,1,0,1,1,127.004427820089,37.482543865708
2016,서울,서초구,서울특별시 서초구 서초동(서초초교 부근),3,서울특별시 서초구4,3,0,2,1,0,127.023721353659,37.498004267484
2016,서울,서초구,서울특별시 서초구 방배동(방림종합시장입구 부근),3,서울특별시 서초구5,3,0,1,2,0,126.996299653008,37.482313633868
2016,서울,서초구,서울특별시 서초구 서초동(탑스벤쳐타운입구 부근),2,서울특별시 서초구6,2,1,1,0,0,127.009078940142,37.483620603309
2016,서울,성동구,서울특별시 성동구 성수동2가(성수쇼핑센타 부근),4,서울특별시 성동구1,4,0,3,1,0,127.054939885868,37.547130580513
2016,서울,성동구,서울특별시 성동구 용답동(답십리역 부근),4,서울특별시 성동구2,4,0,3,0,1,127.053400848172,37.564190628895
2016,서울,성동구,서울특별시 성동구 응봉동(응봉삼거리 부근),3,서울특별시 성동구3,3,2,0,1,0,127.034264352419,37.554640309004
2016,서울,성동구,서울특별시 성동구 금호동3가(주택은행금호동지점 부근),3,서울특별시 성동구4,3,1,2,0,0,127.01966034445,37.548342671478
2016,서울,성동구,서울특별시 성동구 성수동1가(뚝섬역 부근),3,서울특별시 성동구5,3,0,3,0,0,127.044532124459,37.547008267319
2016,서울,성동구,서울특별시 성동구 성수동1가(응봉교_광나룻길_진출_1 부근),3,서울특별시 성동구6,3,0,3,0,0,127.036104503821,37.546510793839
2016,서울,성동구,서울특별시 성동구 행당동(무학여고앞 부근),3,서울특별시 성동구7,3,0,3,0,0,127.033832068097,37.558246540946
2016,서울,성동구,서울특별시 성동구 금호동3가(왕십리역_왕십리역길_진출_1 부근),3,서울특별시 성동구8,3,0,2,0,1,127.036274356977,37.561082356067
2016,서울,성동구,서울특별시 성동구 마장동(도선사거리_마장로_진입_1 부근),2,서울특별시 성동구9,2,1,1,0,0,127.037455139844,37.565881889439
2016,서울,성북구,서울특별시 성북구 동선동2가(돈암동천주교회 부근),9,서울특별시 성북구1,9,0,4,5,0,127.016846211984,37.590761851479
2016,서울,성북구,서울특별시 성북구 정릉동(정릉지구대 부근),6,서울특별시 성북구2,6,0,3,3,0,127.010991638055,37.60605043508
2016,서울,성북구,서울특별시 성북구 길음동(길음역로터리 부근),5,서울특별시 성북구3,5,0,2,3,0,127.024320232893,37.603882350391
2016,서울,성북구,서울특별시 성북구 종암동(종암동 근린생활시설 부근),5,서울특별시 성북구4,5,0,1,4,0,127.034575571806,37.598613197342
2016,서울,성북구,서울특별시 성북구 장위동(그린빌아파트 부근),4,서울특별시 성북구5,6,1,2,3,0,127.042481150386,37.617617374043
2016,서울,성북구,서울특별시 성북구 석관동(석관1동로터리_석계길_진입_1 부근),4,서울특별시 성북구6,5,0,3,1,1,127.063781333143,37.61159416464
2016,서울,성북구,서울특별시 성북구 장위동(장위동우체국 부근),4,서울특별시 성북구7,4,0,3,1,0,127.055278937474,37.612459829558
2016,서울,성북구,서울특별시 성북구 동소문동6가(기분좋은날 부근),4,서울특별시 성북구8,4,0,3,0,1,127.01381602549,37.592477268712
2016,서울,성북구,서울특별시 성북구 장위동(장위초교 부근),4,서울특별시 성북구9,4,0,2,2,0,127.05013700522,37.613466933553
2016,서울,성북구,서울특별시 성북구 상월곡동(부동산 부근),4,서울특별시 성북구10,4,0,2,2,0,127.047341319647,37.607895896979
2016,서울,송파구,서울특별시 송파구 잠실동(잠전초교입구 부근),3,서울특별시 송파구1,3,1,1,1,0,127.080860754721,37.505148052841
2016,서울,송파구,서울특별시 송파구 마천동(구본빌딩 부근),3,서울특별시 송파구2,4,0,4,0,0,127.154486292809,37.496009361644
2016,서울,송파구,서울특별시 송파구 풍납동(풍납제1경노당 부근),3,서울특별시 송파구3,4,0,3,0,1,127.118427307176,37.534011059164
2016,서울,양천구,서울특별시 양천구 신월동(신월사거리 부근),7,서울특별시 양천구1,8,1,2,4,1,126.82709254009,37.535664142587
2016,서울,양천구,서울특별시 양천구 목동(SC제일은행등촌지점 부근),4,서울특별시 양천구2,4,0,2,2,0,126.86337717192,37.548531867253
2016,서울,양천구,서울특별시 양천구 신정동(동보빌딩 부근),3,서울특별시 양천구3,4,1,3,0,0,126.863301097369,37.527831005298
2016,서울,양천구,서울특별시 양천구 신월동(신월고가차도(남측) 부근),3,서울특별시 양천구4,3,0,1,2,0,126.84142109291,37.524730275982
2016,서울,영등포구,서울특별시 영등포구 영등포동4가(경방필백화점 부근),8,서울특별시 영등포구1,8,0,1,6,1,126.90689598806,37.518756803585
2016,서울,영등포구,서울특별시 영등포구 영등포동6가(영등포농협공판장 부근),6,서울특별시 영등포구2,6,0,3,3,0,126.901712115922,37.522094859491
2016,서울,영등포구,서울특별시 영등포구 신길동(대신시장 부근),5,서울특별시 영등포구3,5,0,2,2,1,126.917180953339,37.512362680494
2016,서울,영등포구,서울특별시 영등포구 당산동3가(영등포경찰서_제물포길_진입 부근),3,서울특별시 영등포구4,3,0,3,0,0,126.901324726656,37.526819160976
2016,서울,영등포구,서울특별시 영등포구 대림동(대림사거리 부근),3,서울특별시 영등포구5,3,0,2,1,0,126.904802960789,37.490033008717
2016,서울,영등포구,서울특별시 영등포구 대림동(대림우성아파트사거리_대림로_진 부근),3,서울특별시 영등포구6,3,0,1,2,0,126.898690919052,37.495780681134
2016,서울,영등포구,서울특별시 영등포구 신길동(도림사거리 부근),3,서울특별시 영등포구7,3,0,1,2,0,126.900836516193,37.506478068309
2016,서울,영등포구,서울특별시 영등포구 신길동(우신초등교앞 부근),3,서울특별시 영등포구8,3,0,0,3,0,126.910606020652,37.509811713041
2016,서울,용산구,서울특별시 용산구 효창동(효창공원앞역 부근),4,서울특별시 용산구1,4,1,2,1,0,126.96172082106,37.540042299513
2016,서울,은평구,서울특별시 은평구 불광동(신한은행연신내지점 부근),8,서울특별시 은평구1,9,0,8,0,1,126.921183374414,37.618974915961
2016,서울,은평구,서울특별시 은평구 대조동(대조.불광시장 부근),6,서울특별시 은평구2,6,2,4,0,0,126.926065488033,37.608764919067
2016,서울,은평구,서울특별시 은평구 역촌동(서부경찰서 부근),5,서울특별시 은평구3,5,0,3,2,0,126.918565815761,37.60321126369
2016,서울,은평구,서울특별시 은평구 응암동(연흥초등학교 부근),5,서울특별시 은평구4,5,0,1,4,0,126.918166441229,37.589530712873
2016,서울,은평구,서울특별시 은평구 신사동(새절역 부근),4,서울특별시 은평구5,4,1,2,1,0,126.9140963066,37.592166058318
2016,서울,은평구,서울특별시 은평구 갈현동(구산사거리 부근),4,서울특별시 은평구6,5,0,1,4,0,126.91250068446,37.613340807233
2016,서울,은평구,서울특별시 은평구 응암동(응암시장 부근),3,서울특별시 은평구7,3,1,1,1,0,126.918209337992,37.594002661894
2016,서울,은평구,서울특별시 은평구 역촌동(신사연세치과 부근),3,서울특별시 은평구8,3,0,3,0,0,126.910276677228,37.600476446931
2016,서울,은평구,서울특별시 은평구 불광동(광서교회 부근),3,서울특별시 은평구9,3,0,3,0,0,126.925357618161,37.619242904038
2016,서울,종로구,서울특별시 종로구 종로2가(종로3가 부근),9,서울특별시 종로구1,12,1,4,7,0,126.991309681897,37.570516534811
2016,서울,종로구,서울특별시 종로구 낙원동(하나로빌딩 부근),7,서울특별시 종로구2,7,0,4,3,0,126.986978108954,37.571997502384
2016,서울,종로구,서울특별시 종로구 숭인동(영도교(남단) 부근),6,서울특별시 종로구3,7,0,2,4,1,127.018634216197,37.572424326922
2016,서울,종로구,서울특별시 종로구 창신동(동대문로터리 부근),5,서울특별시 종로구4,5,0,4,1,0,127.011110687609,37.571781710059
2016,서울,종로구,서울특별시 종로구 종로5가(종로6가 부근),5,서울특별시 종로구5,5,0,3,2,0,127.004837650138,37.571122650891
2016,서울,종로구,서울특별시 종로구 창신동(준남빌딩 부근),4,서울특별시 종로구6,4,2,1,1,0,127.015537974499,37.57549877445
2016,서울,중구,서울특별시 중구 남대문로5가(동자로터리_한강로_진입 부근),6,서울특별시 중구1,7,1,5,1,0,126.97227529517,37.554939275128
2016,서울,중구,서울특별시 중구 신당동(약수역_다산로_진출_1 부근),5,서울특별시 중구2,12,0,5,3,4,127.009549476228,37.553123706695
2016,서울,중구,서울특별시 중구 서소문동(제일화재해상보험(주)_서소문로_ 부근),2,서울특별시 중구3,2,2,0,0,0,126.975258576623,37.563621112525
2016,서울,중랑구,서울특별시 노원구 상계동(LG하이프라자 부근),4,서울특별시 노원구1,4,1,3,0,0,127.055248734642,37.677194996353
2016,서울,중랑구,서울특별시 노원구 중계동(상명여자중고등학교 부근),3,서울특별시 노원구2,4,0,3,1,0,127.067563851991,37.647294776734
2016,서울,중랑구,서울특별시 노원구 공릉동(하계지하차도(남측) 부근),3,서울특별시 노원구3,3,0,2,1,0,127.0705517029,37.630299867146
2016,서울,중랑구,서울특별시 노원구 상계동(상계초교입구 부근),3,서울특별시 노원구4,3,0,1,2,0,127.066154312173,37.656837480266
2017,서울,강남구,서울특별시 강남구 도곡동(언주초교 부근),3,서울특별시 강남구1,4,0,3,0,1,127.036655539123,37.485658154101
2017,서울,강동구,서울특별시 강동구 명일동(성덕고 부근),6,서울특별시 강동구1,6,0,5,1,0,127.142911674535,37.550385739611
2017,서울,강동구,서울특별시 강동구 암사동(CU암사중앙점 부근),5,서울특별시 강동구2,5,0,4,1,0,127.128709399121,37.551295773482
2017,서울,강동구,서울특별시 강동구 명일동(샛마을근린공원 부근),4,서울특별시 강동구3,4,0,3,1,0,127.147096287465,37.549745213672
2017,서울,강동구,서울특별시 강동구 길동(천동초교입구교차로 부근),4,서울특별시 강동구4,4,0,3,1,0,127.14121201972,37.541004897859
2017,서울,강동구,서울특별시 강동구 천호동(동신중 부근),4,서울특별시 강동구5,4,0,1,2,1,127.134201002176,37.537224733436
2017,서울,강동구,서울특별시 강동구 고덕동(상일동역1번출구 부근),3,서울특별시 강동구6,3,2,1,0,0,127.164036550647,37.556471504957
2017,서울,강동구,서울특별시 강동구 성내동(CU성내제일점 부근),3,서울특별시 강동구7,4,0,1,3,0,127.131276284574,37.52892315548
2017,서울,강북구,서울특별시 강북구 수유동(수유역 부근),8,서울특별시 강북구1,10,0,4,6,0,127.025486985437,37.638095067434
2017,서울,강북구,서울특별시 강북구 미아동(미아역 부근),6,서울특별시 강북구2,11,0,4,7,0,127.026088300935,37.626084615214
2017,서울,강북구,서울특별시 강북구 수유동(화계역 부근),6,서울특별시 강북구3,6,0,3,3,0,127.01723494214,37.634204240534
2017,서울,강북구,서울특별시 강북구 미아동(삼양사거리역 부근),5,서울특별시 강북구4,5,0,2,3,0,127.020532171524,37.621256429442
2017,서울,강북구,서울특별시 강북구 미아동(창문여고앞삼거리 부근),3,서울특별시 강북구5,3,1,1,1,0,127.03742068142,37.612706648494
2017,서울,강북구,서울특별시 강북구 수유동(광산사거리 부근),3,서울특별시 강북구6,3,0,1,1,1,127.022447193284,37.643511104954
2017,서울,강서구,서울특별시 강서구 방화동(신월초교입구교차로 부근),4,서울특별시 강서구1,4,0,4,0,0,126.841619429394,37.540858064649
2017,서울,강서구,서울특별시 강서구 화곡동(KEB하나은행공항로지점 부근),4,서울특별시 강서구2,4,0,4,0,0,126.854331005672,37.555206771276
2017,서울,강서구,서울특별시 강서구 염창동(염창역 부근),4,서울특별시 강서구3,4,0,4,0,0,126.874065749336,37.547008465169
2017,서울,강서구,서울특별시 강서구 공항동(송정역1번출구 부근),3,서울특별시 강서구4,4,0,2,2,0,126.810946377375,37.561370078867
2017,서울,강서구,서울특별시 강서구 화곡동(21세기국민약국 부근),3,서울특별시 강서구5,3,0,1,1,1,126.858917022004,37.531971512776
2017,서울,관악구,서울특별시 관악구 신림동(신림교 부근),7,서울특별시 관악구1,7,0,3,1,3,126.929531442823,37.482115838776
2017,서울,관악구,서울특별시 관악구 신림동(난곡새마을금고본점 부근),5,서울특별시 관악구2,5,0,3,2,0,126.919955127128,37.474308521022
2017,서울,관악구,서울특별시 관악구 신림동(미가할매집 부근),4,서울특별시 관악구3,4,1,3,0,0,126.928617792778,37.48778856619
2017,서울,관악구,서울특별시 관악구 봉천동(봉천역 부근),4,서울특별시 관악구4,4,0,3,1,0,126.942099210311,37.482339131447
2017,서울,관악구,서울특별시 관악구 봉천동(서울대입구역 부근),4,서울특별시 관악구5,4,0,0,4,0,126.950918269863,37.481353553625
2017,서울,관악구,서울특별시 관악구 신림동(신림현대아파트교차로 부근),3,서울특별시 관악구6,4,0,3,1,0,126.909574171812,37.485350276595
2017,서울,관악구,서울특별시 관악구 신림동(금천경찰서 부근),2,서울특별시 관악구7,2,1,1,0,0,126.909605125577,37.481043881971
2017,서울,광진구,서울특별시 광진구 중곡동(신성골목시장 부근),5,서울특별시 광진구1,7,0,0,6,1,127.089346387927,37.557918254225
2017,서울,광진구,서울특별시 광진구 군자동(화양사거리 부근),4,서울특별시 광진구2,4,0,1,2,1,127.068174562707,37.548267730073
2017,서울,광진구,서울특별시 광진구 구의동(슬기유치원 부근),3,서울특별시 광진구3,3,0,1,2,0,127.091983600364,37.551282738708
2017,서울,구로구,서울특별시 구로구 구로동(신구로자이주상복합 부근),4,서울특별시 구로구1,4,1,2,1,0,126.884081063691,37.499625077836
2017,서울,구로구,서울특별시 구로구 구로동(킴스안경클럽 부근),4,서울특별시 구로구2,4,1,1,2,0,126.884704243507,37.488478390266
2017,서울,구로구,서울특별시 구로구 개봉동(GS25개봉당곡점 부근),4,서울특별시 구로구3,4,0,4,0,0,126.854770756167,37.488123312742
2017,서울,구로구,서울특별시 구로구 개봉동(경인중 부근),3,서울특별시 구로구4,3,1,2,0,0,126.853557630082,37.497730077682
2017,서울,구로구,서울특별시 구로구 가리봉동(블루핸즈공단서비스센타 부근),3,서울특별시 구로구5,3,0,3,0,0,126.887429257655,37.481496153725
2017,서울,구로구,서울특별시 구로구 오류동(오류동역앞교차로 부근),3,서울특별시 구로구6,3,0,3,0,0,126.843534063547,37.496120907255
2017,서울,구로구,서울특별시 구로구 개봉동(개봉1동사거리 부근),2,서울특별시 구로구7,2,1,1,0,0,126.846696838889,37.501538572548
2017,서울,금천구,서울특별시 금천구 시흥동(에벤에셀프라자아파트 부근),6,서울특별시 금천구1,6,0,3,2,1,126.910086887001,37.450624132998
2017,서울,금천구,서울특별시 금천구 시흥동(시흥사거리 부근),4,서울특별시 금천구2,4,0,2,2,0,126.901589325188,37.454350976617
2017,서울,금천구,서울특별시 금천구 시흥동(세븐일레븐시흥초교점 부근),4,서울특별시 금천구3,4,0,2,2,0,126.905723576983,37.456273710065
2017,서울,중랑구,서울특별시 노원구 상계동(우물집원조추어탕순대국 부근),4,서울특별시 노원구1,4,0,3,1,0,127.08204080554,37.671234804244
2017,서울,중랑구,서울특별시 노원구 상계동(수락산역4번출구 부근),4,서울특별시 노원구2,4,0,3,1,0,127.05578865972,37.675873295117
2017,서울,중랑구,서울특별시 노원구 상계동(한국전력공사노원도봉지사 부근),3,서울특별시 노원구3,4,2,1,1,0,127.054960268103,37.654506104774
2017,서울,중랑구,서울특별시 노원구 공릉동(배꽃나라주유소 부근),3,서울특별시 노원구4,3,1,1,1,0,127.079106421126,37.618559175566
2017,서울,중랑구,서울특별시 노원구 공릉동(공릉볼링센타 부근),3,서울특별시 노원구5,3,0,2,1,0,127.075653969656,37.621516732812
2017,서울,도봉구,서울특별시 도봉구 창동(창동지하차도 부근),4,서울특별시 도봉구1,4,1,1,2,0,127.048000341044,37.652122928331
2017,서울,도봉구,서울특별시 도봉구 도봉동(도봉산역1번출구 부근),4,서울특별시 도봉구2,4,0,3,1,0,127.045601952569,37.6888743128
2017,서울,도봉구,서울특별시 도봉구 쌍문동(숭미파출소사거리 부근),3,서울특별시 도봉구3,3,0,2,1,0,127.025790777324,37.647362032533
2017,서울,도봉구,서울특별시 도봉구 창동(신창교 부근),3,서울특별시 도봉구4,3,0,1,2,0,127.039525191236,37.633776478902
2017,서울,도봉구,서울특별시 도봉구 도봉동(도봉역2번출구 부근),2,서울특별시 도봉구5,2,1,0,1,0,127.045185479228,37.677499323336
2017,서울,동대문구,서울특별시 동대문구 제기동(왕산로29길 부근),11,서울특별시 동대문구1,11,0,4,7,0,127.040836917191,37.579890114538
2017,서울,동대문구,서울특별시 동대문구 신설동(신삼송빌딩앞 부근),10,서울특별시 동대문구2,10,0,1,8,1,127.023283661713,37.573981677513
2017,서울,동대문구,서울특별시 동대문구 전농동(청량리역사거리 부근),9,서울특별시 동대문구3,9,0,6,3,0,127.045891563046,37.580792611191
2017,서울,동대문구,서울특별시 동대문구 제기동(KB국민은행홍릉지점 부근),6,서울특별시 동대문구4,6,0,6,0,0,127.0413870145,37.586682021259
2017,서울,동대문구,서울특별시 동대문구 전농동(성모온누리약국 부근),5,서울특별시 동대문구5,6,4,1,1,0,127.044041772711,37.578016284425
2017,서울,동대문구,서울특별시 동대문구 제기동(제기동역1번출구 부근),5,서울특별시 동대문구6,5,1,2,2,0,127.033958891391,37.578288994842
2017,서울,동대문구,서울특별시 동대문구 장안동(배봉초교사거리 부근),4,서울특별시 동대문구7,4,1,0,3,0,127.068740601399,37.578692533235
2017,서울,동대문구,서울특별시 동대문구 회기동(IBK기업은행회기역지점 부근),4,서울특별시 동대문구8,5,0,4,1,0,127.055911210335,37.589964659143
2017,서울,동대문구,서울특별시 동대문구 제기동(영양물산 부근),4,서울특별시 동대문구9,4,0,4,0,0,127.037555508681,37.582803960236
2017,서울,동대문구,서울특별시 동대문구 휘경동(삼성디지털프라자휘경점 부근),3,서울특별시 동대문구10,3,1,2,0,0,127.065402412392,37.591000576516
2017,서울,동작구,서울특별시 동작구 상도동(상도3동주민센터 부근),8,서울특별시 동작구1,8,0,3,5,0,126.931476814005,37.499504497635
2017,서울,동작구,서울특별시 동작구 대방동(신대방삼거리역교차로 부근),6,서울특별시 동작구2,6,0,2,3,1,126.927932476104,37.498884886329
2017,서울,동작구,서울특별시 동작구 흑석동(이마트에브리데이흑석동점 부근),4,서울특별시 동작구3,4,1,3,0,0,126.960855789264,37.507364318709
2017,서울,동작구,서울특별시 동작구 노량진동(이마트24동작삼익점 부근),4,서울특별시 동작구4,4,0,2,2,0,126.944600894017,37.510643452834
2017,서울,동작구,서울특별시 동작구 대방동(롯데하이마트대방점 부근),3,서울특별시 동작구5,5,0,2,3,0,126.922577340673,37.505373087499
2017,서울,동작구,서울특별시 동작구 사당동(이수역사거리 부근),3,서울특별시 동작구6,3,0,1,2,0,126.98276719715,37.485615735779
2017,서울,동작구,서울특별시 동작구 사당동(동작대로1길 부근),3,서울특별시 동작구7,3,0,0,2,1,126.981153725265,37.477143953931
2017,서울,동작구,서울특별시 동작구 사당동(밝은서울정신건강의학과의원 부근),2,서울특별시 동작구8,2,1,0,1,0,126.982236624122,37.482703893771
2017,서울,마포구,서울특별시 마포구 성산동(가좌삼거리 부근),5,서울특별시 마포구1,5,1,2,1,1,126.914166296339,37.56962487319
2017,서울,마포구,서울특별시 마포구 서교동(서교동사거리 부근),5,서울특별시 마포구2,5,1,1,3,0,126.918148262333,37.552672234437
2017,서울,마포구,서울특별시 마포구 망원동(한강공원입구교차로 부근),5,서울특별시 마포구3,5,0,3,2,0,126.899125128823,37.555911935988
2017,서울,마포구,서울특별시 마포구 망원동(LG베스트샵월드컵점 부근),4,서울특별시 마포구4,4,0,4,0,0,126.904739761832,37.561845127751
2017,서울,서대문구,서울특별시 서대문구 북가좌동(북가좌사거리 부근),5,서울특별시 서대문구1,5,0,3,2,0,126.912470309858,37.581681859931
2017,서울,서대문구,서울특별시 서대문구 홍은동(홍연2교교차로 부근),4,서울특별시 서대문구2,4,0,3,1,0,126.930109987487,37.578581153099
2017,서울,서대문구,서울특별시 서대문구 홍제동(홍제역 부근),4,서울특별시 서대문구3,4,0,2,1,1,126.94456648056,37.588764817843
2017,서울,서대문구,서울특별시 서대문구 홍제동(홍제삼거리 부근),3,서울특별시 서대문구4,5,0,2,3,0,126.946974077193,37.586124485657
2017,서울,서대문구,서울특별시 서대문구 홍제동(홍제교 부근),3,서울특별시 서대문구5,3,0,2,1,0,126.944461121385,37.591970846079
2017,서울,서대문구,서울특별시 서대문구 홍은동(홍은파출소 부근),3,서울특별시 서대문구6,4,0,2,0,2,126.946227806269,37.595125393523
2017,서울,서대문구,서울특별시 서대문구 홍제동(7호포차 부근),2,서울특별시 서대문구7,2,1,1,0,0,126.937405895867,37.588902610168
2017,서울,서초구,서울특별시 서초구 잠원동(신사역5번출구 부근),5,서울특별시 서초구1,6,1,3,0,2,127.019166375629,37.515964044406
2017,서울,서초구,서울특별시 서초구 방배동(방배역 부근),3,서울특별시 서초구2,3,0,1,1,1,126.997158963317,37.481954308845
2017,서울,성동구,서울특별시 성동구 행당동(왕십리역11번출구~홈플러스익스프레스왕십리점),5,서울특별시 성동구1,5,0,1,3,1,127.033996661118,37.562117923604
2017,서울,성동구,서울특별시 성동구 사근동(한양대후문약국 부근),4,서울특별시 성동구2,5,0,2,3,0,127.04198180182,37.559499487213
2017,서울,성동구,서울특별시 성동구 행당동(행당과선교 부근),2,서울특별시 성동구3,2,1,1,0,0,127.039394505353,37.558100934412
2017,서울,성북구,서울특별시 성북구 동소문동5가(빽다방성신여대입구역점 부근),9,서울특별시 성북구1,9,0,3,5,1,127.016584973319,37.592733133029
2017,서울,성북구,서울특별시 성북구 하월곡동(성북트리즘빌딩사거리 부근),8,서울특별시 성북구2,9,1,3,5,0,127.038159407032,37.602448656581
2017,서울,성북구,서울특별시 성북구 동선동2가(바람마당교 부근),7,서울특별시 성북구3,7,1,2,4,0,127.017318757156,37.589374872953
2017,서울,성북구,서울특별시 성북구 길음동(박찬유치과의원 부근),5,서울특별시 성북구4,5,0,3,2,0,127.023690514107,37.603458339831
2017,서울,성북구,서울특별시 성북구 장위동(성심가정의학과의원 부근),5,서울특별시 성북구5,5,0,2,3,0,127.049007865022,37.613346385728
2017,서울,성북구,서울특별시 성북구 장위동(KEB하나은행장위동지점 부근),4,서울특별시 성북구6,4,1,1,2,0,127.050726974871,37.615750512777
2017,서울,성북구,서울특별시 성북구 장위동(나약국 부근),4,서울특별시 성북구7,4,0,3,1,0,127.043050065109,37.614147161863
2017,서울,성북구,서울특별시 성북구 정릉동(도미노피자정릉점 부근),3,서울특별시 성북구8,3,1,2,0,0,127.010398638587,37.607360838133
2017,서울,성북구,서울특별시 성북구 길음동(삼양로10길 부근),3,서울특별시 성북구9,3,1,1,1,0,127.023521684379,37.608613336537
2017,서울,성북구,서울특별시 성북구 종암동(사대부고앞 부근),3,서울특별시 성북구10,3,1,1,1,0,127.036293222955,37.593353239861
2017,서울,송파구,서울특별시 송파구 삼전동(시온정비센터 부근),5,서울특별시 송파구1,5,0,5,0,0,127.085902845141,37.501952490916
2017,서울,송파구,서울특별시 송파구 마천동(착한깡통 부근),5,서울특별시 송파구2,5,0,2,1,2,127.150603132629,37.497228776688
2017,서울,송파구,서울특별시 송파구 문정동(가락시장역3호선 부근),4,서울특별시 송파구3,4,0,3,1,0,127.116129596904,37.491858298822
2017,서울,송파구,서울특별시 송파구 석촌동(석촌역 부근),3,서울특별시 송파구4,3,2,0,1,0,127.106107820021,37.506508108363
2017,서울,송파구,서울특별시 송파구 방이동(포레스트요양병원 부근),3,서울특별시 송파구5,3,0,2,1,0,127.11384713284,37.511834223571
2017,서울,송파구,서울특별시 송파구 신천(잠실역8호선 부근),3,서울특별시 송파구6,5,0,1,4,0,127.103103730954,37.514455180763
2017,서울,양천구,서울특별시 양천구 목동(다이소등촌시장점 부근),6,서울특별시 양천구1,6,0,2,3,1,126.865348183673,37.548582380373
2017,서울,양천구,서울특별시 양천구 신월동(으뜸공원 부근),4,서울특별시 양천구2,4,0,4,0,0,126.83039775995,37.53639677799
2017,서울,양천구,서울특별시 양천구 신월동(양천경찰서 부근),3,서울특별시 양천구3,4,0,2,2,0,126.865489971686,37.516960030982
2017,서울,양천구,서울특별시 양천구 신정동(홍익병원 부근),3,서울특별시 양천구4,3,0,1,1,1,126.863907772827,37.52875975406
2017,서울,영등포구,서울특별시 영등포구 영등포동3가(영등포시장앞 부근),8,서울특별시 영등포구1,9,1,7,1,0,126.905016141483,37.519944191972
2017,서울,영등포구,서울특별시 영등포구 신길동(우신초교앞 부근),4,서울특별시 영등포구2,4,1,2,1,0,126.910466502528,37.50977806041
2017,서울,영등포구,서울특별시 영등포구 당산동1가(영등포유통상가교차로 부근),3,서울특별시 영등포구3,5,0,2,3,0,126.895607507981,37.520820379858
2017,서울,영등포구,서울특별시 영등포구 대림동(살레시오청소년센터 부근),3,서울특별시 영등포구4,3,0,2,1,0,126.905195150637,37.49442552332
2017,서울,영등포구,서울특별시 영등포구 신길동(신길삼거리 부근),3,서울특별시 영등포구5,4,0,2,0,2,126.919255592173,37.514377094428
2017,서울,영등포구,서울특별시 영등포구 문래동3가(모드니주유소 부근),2,서울특별시 영등포구6,2,1,1,0,0,126.900632029246,37.514480752086
2017,서울,용산구,서울특별시 용산구 이태원동(대성옵티마약국 부근),4,서울특별시 용산구1,4,0,2,2,0,126.989132827019,37.539340835512
2017,서울,용산구,서울특별시 용산구 한남동(라멘81번옥 부근),3,서울특별시 용산구2,3,1,1,1,0,127.006841497938,37.530019423658
2017,서울,용산구,서울특별시 용산구 용문동(파리바게트원효로점 부근),3,서울특별시 용산구3,3,0,2,1,0,126.961528290599,37.535806480985
2017,서울,용산구,서울특별시 용산구 보광동(IBK기업은행보광동점 부근),3,서울특별시 용산구4,3,0,2,1,0,126.999351851308,37.527905784825
2017,서울,용산구,서울특별시 용산구 남영동(숙대입구역3번출구 부근),3,서울특별시 용산구5,3,0,2,1,0,126.971903077466,37.545107009682
2017,서울,은평구,서울특별시 은평구 응암동(응암오거리 부근),6,서울특별시 은평구1,6,1,4,1,0,126.91699120628,37.590160450545
2017,서울,은평구,서울특별시 은평구 신사동(와산교교차로 부근),5,서울특별시 은평구2,5,0,3,2,0,126.912565415862,37.588841047078
2017,서울,은평구,서울특별시 은평구 불광동(연신내역 부근),4,서울특별시 은평구3,7,0,2,5,0,126.921109443847,37.619208244166
2017,서울,은평구,서울특별시 은평구 역촌동(역말사거리 부근),3,서울특별시 은평구4,3,1,0,2,0,126.915591576991,37.604860015079
2017,서울,은평구,서울특별시 은평구 응암동(드림캐시아주상복합 부근),3,서울특별시 은평구5,5,0,2,3,0,126.920935061705,37.598648900427
2017,서울,은평구,서울특별시 은평구 대조동(대조불광시장교차로 부근),3,서울특별시 은평구6,3,0,2,1,0,126.926634262462,37.608870119062
2017,서울,은평구,서울특별시 은평구 불광동(불광지구대 부근),3,서울특별시 은평구7,3,0,1,2,0,126.925657730921,37.621152101789
2017,서울,종로구,서울특별시 종로구 종로2가(탑골공원 부근),6,서울특별시 종로구1,9,0,3,6,0,126.988250700011,37.570389986709
2017,서울,종로구,서울특별시 종로구 숭인동(동묘앞역 부근),4,서울특별시 종로구2,4,1,2,0,1,127.017441147692,37.573594305334
2017,서울,종로구,서울특별시 종로구 창신동(청계7가사거리 부근),4,서울특별시 종로구3,6,0,4,1,1,127.015868362936,37.569709445436
2017,서울,종로구,서울특별시 종로구 내자동(우리은행효자동지점 부근),3,서울특별시 종로구4,3,1,1,1,0,126.972084928478,37.578100046381
2017,서울,종로구,서울특별시 종로구 종로6가(동대문역 부근),3,서울특별시 종로구5,3,1,1,1,0,127.008193319267,37.571970235839
2017,서울,종로구,서울특별시 종로구 견지동(안국동사거리~우정국로 부근),3,서울특별시 종로구6,3,0,2,1,0,126.983181792707,37.57411093887
2017,서울,종로구,서울특별시 종로구 종로4가(승보약국 부근),3,서울특별시 종로구7,4,0,2,0,2,126.99611006243,37.570701525356
2017,서울,중구,서울특별시 중구 신당동(신당역 부근),5,서울특별시 중구1,5,0,4,1,0,127.021086462371,37.565580865665
2017,서울,중구,서울특별시 중구 남대문로5가(도동삼거리 부근),4,서울특별시 중구2,5,0,3,2,0,126.976492750441,37.556023408754
2017,서울,중구,서울특별시 중구 봉래동2가(서울역1호선 부근),4,서울특별시 중구3,4,0,3,1,0,126.972732038354,37.555353232167
2017,서울,중구,서울특별시 중구 북창동(소니서비스센터남대문점 부근),3,서울특별시 중구4,5,0,1,2,2,126.978017023968,37.561053423078
2017,서울,중랑구,서울특별시 노원구 상계동(우물집원조추어탕순대국 부근),4,서울특별시 노원구1,4,0,3,1,0,127.08204080554,37.671234804244
2017,서울,중랑구,서울특별시 노원구 상계동(수락산역4번출구 부근),4,서울특별시 노원구2,4,0,3,1,0,127.05578865972,37.675873295117
2017,서울,중랑구,서울특별시 노원구 상계동(한국전력공사노원도봉지사 부근),3,서울특별시 노원구3,4,2,1,1,0,127.054960268103,37.654506104774
2017,서울,중랑구,서울특별시 노원구 공릉동(배꽃나라주유소 부근),3,서울특별시 노원구4,3,1,1,1,0,127.079106421126,37.618559175566
2017,서울,중랑구,서울특별시 노원구 공릉동(공릉볼링센타 부근),3,서울특별시 노원구5,3,0,2,1,0,127.075653969656,37.621516732812
2018,서울,강남구,서울특별시 강남구 도곡동(삼성타워펠리스1차 부근),4,서울특별시 강남구1,4,1,2,1,0,127.053959043876,37.488763648924
2018,서울,강남구,서울특별시 강남구 논현동(임피리얼팰리스호텔 부근),3,서울특별시 강남구2,4,0,4,0,0,127.035726970225,37.513236094871
2018,서울,강남구,서울특별시 강남구 역삼동(스타벅스 아크로힐스 논현점 부근),3,서울특별시 강남구3,3,0,2,1,0,127.040205909676,37.509174132381
2018,서울,강남구,서울특별시 강남구 신사동(현대종합상가 부근),3,서울특별시 강남구4,3,0,1,2,0,127.030757934432,37.527944610356
2018,서울,강남구,서울특별시 강남구 역삼동(한라클래식 부근),3,서울특별시 강남구5,3,0,1,2,0,127.03023982421,37.496854752246
2018,서울,강동구,서울특별시 강동구 천호동(성록빌딩 부근),6,서울특별시 강동구1,6,0,5,1,0,127.133964124346,37.546487211816
2018,서울,강동구,서울특별시 강동구 천호동(고분다리전통시장 부근),5,서울특별시 강동구2,5,0,1,4,0,127.131393714449,37.542431472635
2018,서울,강동구,서울특별시 강동구 성내동(SJ빌딩 부근),3,서울특별시 강동구3,3,1,0,2,0,127.13322670455,37.532778023888
2018,서울,강동구,서울특별시 강동구 천호동(천호역2번출구 부근),3,서울특별시 강동구4,3,0,3,0,0,127.123596256863,37.539237485423
2018,서울,강동구,서울특별시 강동구 천호동(성덕약국 부근),3,서울특별시 강동구5,3,0,2,1,0,127.140362137903,37.550791308673
2018,서울,강북구,서울특별시 강북구 수유동(이상인한의원 부근),5,서울특별시 강북구1,5,1,2,2,0,127.010724530414,37.64569415796
2018,서울,강북구,서울특별시 강북구 미아동(미래본경희한의원 부근),5,서울특별시 강북구2,8,0,4,3,1,127.018342075927,37.619976338938
2018,서울,강북구,서울특별시 강북구 미아동(GS25미아진영점 부근),5,서울특별시 강북구3,5,0,3,2,0,127.028686268757,37.620457043659
2018,서울,강북구,서울특별시 강북구 미아동(기아오토큐미아점 부근),4,서울특별시 강북구4,4,1,1,2,0,127.02221258984,37.611348122719
2018,서울,강북구,서울특별시 강북구 미아동(수유시장 부근),4,서울특별시 강북구5,4,0,3,1,0,127.024258983666,37.630836511497
2018,서울,강북구,서울특별시 강북구 미아동(삼양입구사거리 부근),4,서울특별시 강북구6,4,0,3,1,0,127.029719780445,37.617013164527
2018,서울,강북구,서울특별시 강북구 수유동(광은빌딩 부근),4,서울특별시 강북구7,5,0,2,2,1,127.01793005333,37.629218082549
2018,서울,강북구,서울특별시 강북구 번동(세븐일레븐 번동점 부근),3,서울특별시 강북구8,3,1,2,0,0,127.025705824665,37.634853383778
2018,서울,강북구,서울특별시 강북구 수유동(수유역 부근),3,서울특별시 강북구9,3,0,2,1,0,127.02571337897,37.638141045274
2018,서울,강북구,서울특별시 강북구 수유동(프레비스타 부근),2,서울특별시 강북구10,2,1,0,1,0,127.012847354023,37.62907074482
2018,서울,강서구,서울특별시 강서구 등촌동(신한이모르젠아파트 부근),7,서울특별시 강서구1,10,0,4,6,0,126.863949960024,37.549859741435
2018,서울,강서구,서울특별시 강서구 염창동(강서구보건소 부근),5,서울특별시 강서구2,5,1,2,2,0,126.868213050493,37.549137331324
2018,서울,강서구,서울특별시 강서구 화곡동(바울빌딩 부근),4,서울특별시 강서구3,4,0,3,1,0,126.849145108261,37.530832688679
2018,서울,관악구,서울특별시 관악구 신림동(뿌리약국 부근),7,서울특별시 관악구1,7,1,4,2,0,126.918600634812,37.474469085081
2018,서울,관악구,서울특별시 관악구 신림동(신일자원 부근),5,서울특별시 관악구2,5,1,2,2,0,126.913823192388,37.477487093855
2018,서울,관악구,서울특별시 관악구 봉천동(쿠우쿠우 서울대점 부근),4,서울특별시 관악구3,4,1,3,0,0,126.95033607575,37.481393658891
2018,서울,관악구,서울특별시 관악구 봉천동(당곡사거리 부근),4,서울특별시 관악구4,5,0,1,4,0,126.928210568964,37.489212148023
2018,서울,광진구,서울특별시 광진구 구의동(구의공원입구 부근),2,서울특별시 광진구1,2,1,1,0,0,127.094998268157,37.536429606842
2018,서울,구로구,서울특별시 구로구 오류동(IBK기업은행 오류동지점 부근),5,서울특별시 구로구1,5,0,0,4,1,126.844086748206,37.496429875639
2018,서울,구로구,서울특별시 구로구 개봉동(늘푸른한의원 부근),4,서울특별시 구로구2,4,0,3,1,0,126.856229971837,37.492348103783
2018,서울,구로구,서울특별시 구로구 궁동(우진빌딩 부근),4,서울특별시 구로구3,4,0,2,1,1,126.829157682082,37.497668676469
2018,서울,구로구,서울특별시 구로구 오류동(만호빌딩 부근),4,서울특별시 구로구4,4,0,1,2,1,126.844866748203,37.494004512899
2018,서울,구로구,서울특별시 구로구 구로동(고려빌딩 부근),3,서울특별시 구로구5,3,0,2,1,0,126.885011739701,37.50293911375
2018,서울,금천구,서울특별시 금천구 시흥동(시흥사거리 부근),9,서울특별시 금천구1,9,2,6,1,0,126.900386513428,37.454759976593
2018,서울,금천구,서울특별시 금천구 시흥동(은행나무시장 부근),5,서울특별시 금천구2,5,0,2,3,0,126.908041913205,37.451045526531
2018,서울,금천구,서울특별시 금천구 독산동(금천우체국사거리 부근),3,서울특별시 금천구3,3,0,2,1,0,126.898086235592,37.469629255786
2018,서울,중랑구,서울특별시 노원구 월계동(S-OIL 신성주유소 부근),5,서울특별시 노원구1,6,1,2,3,0,127.056914090214,37.629041646356
2018,서울,중랑구,서울특별시 노원구 중계동(상계역 부근),5,서울특별시 노원구2,5,0,4,1,0,127.072458307006,37.659957337262
2018,서울,중랑구,서울특별시 노원구 상계동(성광빌딩 부근),5,서울특별시 노원구3,5,0,3,1,1,127.062346835339,37.657132408435
2018,서울,중랑구,서울특별시 노원구 상계동(수락산역 부근),3,서울특별시 노원구4,3,1,1,1,0,127.055032930626,37.678418775807
2018,서울,중랑구,서울특별시 노원구 상계동(대성한의원 부근),3,서울특별시 노원구5,3,1,1,1,0,127.078371071569,37.666480722608
2018,서울,중랑구,서울특별시 노원구 월계동(석계로11길 부근),2,서울특별시 노원구6,2,1,0,1,0,127.063587166815,37.61741583957
2018,서울,도봉구,서울특별시 도봉구 쌍문동(신원프라자 부근),4,서울특별시 도봉구1,4,0,3,1,0,127.035534159175,37.658511917192
2018,서울,도봉구,서울특별시 도봉구 창동(쌍문역 부근),4,서울특별시 도봉구2,4,0,2,1,1,127.035373893691,37.649150259778
2018,서울,도봉구,서울특별시 도봉구 쌍문동(쌍문1동주민센터 부근),3,서울특별시 도봉구3,3,1,1,1,0,127.026357660479,37.648313905563
2018,서울,도봉구,서울특별시 도봉구 창동(가인초교 부근),3,서울특별시 도봉구4,4,0,3,1,0,127.042483609132,37.659208410641
2018,서울,도봉구,서울특별시 도봉구 도봉동(부부약국 부근),3,서울특별시 도봉구5,3,0,2,1,0,127.043652302413,37.684439935655
2018,서울,도봉구,서울특별시 도봉구 도봉동(도봉중 부근),3,서울특별시 도봉구6,3,0,1,1,1,127.04594865111,37.671343617715
2018,서울,동대문구,서울특별시 동대문구 용두동(동서시장 부근),15,서울특별시 동대문구1,16,0,8,6,2,127.040927771201,37.579061792169
2018,서울,동대문구,서울특별시 동대문구 청량리동(청량리우체국 부근),13,서울특별시 동대문구2,15,1,4,8,2,127.045333230645,37.580645928168
2018,서울,동대문구,서울특별시 동대문구 휘경동(회기역앞 부근),4,서울특별시 동대문구3,4,1,2,1,0,127.055965667882,37.590470370412
2018,서울,동대문구,서울특별시 동대문구 답십리동(한화꿈에그린아파트입구 부근),4,서울특별시 동대문구4,4,0,4,0,0,127.05429241986,37.5667254769
2018,서울,동대문구,서울특별시 동대문구 이문동(신이문역1번출구 부근),4,서울특별시 동대문구5,4,0,3,1,0,127.067424141412,37.602851585233
2018,서울,동대문구,서울특별시 동대문구 장안동(새서울병원 부근),4,서울특별시 동대문구6,4,0,2,2,0,127.072051252265,37.573641820115
2018,서울,동대문구,서울특별시 동대문구 휘경동(중량약국 부근),4,서울특별시 동대문구7,4,0,1,3,0,127.066811677918,37.592021836739
2018,서울,동대문구,서울특별시 동대문구 장안동(장안2동 주민센터 부근),3,서울특별시 동대문구8,3,1,1,1,0,127.070201683162,37.578876910442
2018,서울,동대문구,서울특별시 동대문구 이문동(한솔고시텔 부근),3,서울특별시 동대문구9,3,0,3,0,0,127.062072134722,37.599794316555
2018,서울,동작구,서울특별시 동작구 신대방동(해태보라매타워 부근),5,서울특별시 동작구1,5,0,3,2,0,126.924208084037,37.491840159497
2018,서울,동작구,서울특별시 동작구 대방동(신대방삼거리역2번출구 부근),5,서울특별시 동작구2,5,0,2,3,0,126.928095947671,37.498959381671
2018,서울,동작구,서울특별시 동작구 상도동(이니스프리 숭실대점 부근),5,서울특별시 동작구3,9,0,1,7,1,126.952502869013,37.497682801221
2018,서울,동작구,서울특별시 동작구 신대방동(대림사거리 부근),4,서울특별시 동작구4,4,0,2,2,0,126.906823491912,37.488757424716
2018,서울,동작구,서울특별시 동작구 대방동(보라매빌딩 부근),3,서울특별시 동작구5,3,1,1,0,1,126.921578559004,37.499791165531
2018,서울,서대문구,서울특별시 서대문구 홍제동(홍은사거리 부근),9,서울특별시 서대문구1,10,0,5,4,1,126.941933488641,37.591418211782
2018,서울,서대문구,서울특별시 서대문구 북가좌동(KEB하나은행 북가좌지점 부근),5,서울특별시 서대문구2,6,0,0,4,2,126.91177775544,37.580622055664
2018,서울,서대문구,서울특별시 서대문구 홍제동(사랑나눔사회복지센터 부근),3,서울특별시 서대문구3,3,0,3,0,0,126.948138920476,37.594034708336
2018,서울,서대문구,서울특별시 서대문구 홍은동(홍연2교 부근),3,서울특별시 서대문구4,3,0,2,0,1,126.930058309744,37.577931936111
2018,서울,서대문구,서울특별시 서대문구 대현동(CGV신촌아트레온 부근),2,서울특별시 서대문구5,2,1,0,0,1,126.941911099119,37.556545940044
2018,서울,서초구,서울특별시 서초구 서초동(서울고교 부근),4,서울특별시 서초구1,4,1,1,2,0,127.0037296557,37.482484224468
2018,서울,서초구,서울특별시 서초구 서초동(서이초교 부근),3,서울특별시 서초구2,3,0,2,0,1,127.026627823117,37.491982005966
2018,서울,성동구,서울특별시 성동구 성수동2가(뚝도시장약국 부근),3,서울특별시 성동구1,3,1,1,1,0,127.054355036057,37.537653558066
2018,서울,성동구,서울특별시 성동구 금호동4가(KB국민은행금호동지점 부근),3,서울특별시 성동구2,3,0,2,1,0,127.023307464069,37.54805099256
2018,서울,성북구,서울특별시 성북구 장위동(KB국민은행장위동지점 부근),6,서울특별시 성북구1,6,1,3,2,0,127.049018270178,37.613499653587
2018,서울,성북구,서울특별시 성북구 정릉동(정릉우체국 부근),5,서울특별시 성북구2,5,0,4,1,0,127.010962891226,37.606151152854
2018,서울,성북구,서울특별시 성북구 하월곡동(부모섬김노인요양원 부근),4,서울특별시 성북구3,4,0,2,2,0,127.034158943781,37.61107666056
2018,서울,성북구,서울특별시 성북구 하월곡동(정평빌딩 부근),3,서울특별시 성북구4,3,0,2,1,0,127.042847678079,37.603498047598
2018,서울,성북구,서울특별시 성북구 동소문동2가(성북녹십자약국1호점 부근),2,서울특별시 성북구5,3,2,0,1,0,127.008405275984,37.589613933437
2018,서울,송파구,서울특별시 송파구 마천동(구본빌딩 부근),7,서울특별시 송파구1,7,0,3,4,0,127.154113446479,37.497080431717
2018,서울,송파구,서울특별시 송파구 거여동(세븐일레븐 거여본점 부근),5,서울특별시 송파구2,5,0,4,1,0,127.145922117313,37.496758712745
2018,서울,송파구,서울특별시 송파구 거여동(효재한의원 부근),5,서울특별시 송파구3,5,0,4,0,1,127.145910237269,37.492985626886
2018,서울,송파구,서울특별시 송파구 잠실동(잠실지구대 부근),4,서울특별시 송파구4,5,0,3,2,0,127.082063467556,37.511703226524
2018,서울,송파구,서울특별시 송파구 방이동(송파태양약국 부근),4,서울특별시 송파구5,4,0,2,2,0,127.115359988574,37.510977328842
2018,서울,송파구,서울특별시 송파구 송파동(송파한양1차아파트정문 부근),3,서울특별시 송파구6,3,0,2,1,0,127.114506968123,37.504772061582
2018,서울,송파구,서울특별시 송파구 가락동(태인일식 부근),3,서울특별시 송파구7,4,0,1,1,2,127.119118623227,37.493758582494
2018,서울,양천구,서울특별시 양천구 목동(한독빌딩 부근),6,서울특별시 양천구1,6,0,3,3,0,126.863432343529,37.535137131774
2018,서울,양천구,서울특별시 양천구 신월동(중앙빌딩 부근),5,서울특별시 양천구2,5,0,1,4,0,126.834943341863,37.520951323845
2018,서울,양천구,서울특별시 양천구 신월동(신월제일교회 부근),4,서울특별시 양천구3,4,1,1,2,0,126.839047737964,37.517082513248
2018,서울,양천구,서울특별시 양천구 신정동(은혜재가요양센터 부근),3,서울특별시 양천구4,3,1,0,2,0,126.851131070344,37.523482047559
2018,서울,영등포구,서울특별시 영등포구 영등포동(월드맨파워 부근),5,서울특별시 영등포구1,5,1,1,3,0,126.908109805724,37.514991019321
2018,서울,영등포구,서울특별시 영등포구 문래동6가(e편한세상문래상가 부근),5,서울특별시 영등포구2,5,0,5,0,0,126.886016330091,37.519799610664
2018,서울,영등포구,서울특별시 영등포구 신길동(영신치과의원 부근),4,서울특별시 영등포구3,4,0,4,0,0,126.916815661315,37.512138171041
2018,서울,영등포구,서울특별시 영등포구 대림동(도림로31길 부근),3,서울특별시 영등포구4,4,0,2,2,0,126.895361749346,37.493551428157
2018,서울,영등포구,서울특별시 영등포구 영등포동5가(비즈성형외과의원 부근),2,서울특별시 영등포구5,4,1,3,0,0,126.905338436021,37.521302429065
2018,서울,영등포구,서울특별시 영등포구 문래동3가(문래근린공원입구 부근),2,서울특별시 영등포구6,2,1,1,0,0,126.894522091922,37.517112984078
2018,서울,용산구,서울특별시 용산구 한남동(순천향병원 부근),7,서울특별시 용산구1,7,0,5,1,1,127.005822055245,37.5334508202
2018,서울,용산구,서울특별시 용산구 문배동(원효빌딩 부근),3,서울특별시 용산구2,4,2,2,0,0,126.96620772131,37.538013689781
2018,서울,용산구,서울특별시 용산구 한남동(가봉대사관 부근),2,서울특별시 용산구3,2,1,0,1,0,126.999370497851,37.535734395827
2018,서울,용산구,서울특별시 용산구 이태원동(한스양복 부근),2,서울특별시 용산구4,2,1,0,1,0,126.988952377152,37.5334432587
2018,서울,은평구,서울특별시 은평구 대조동(보스톤탑치과의원 부근),5,서울특별시 은평구1,5,1,3,1,0,126.922185560017,37.617714857855
2018,서울,은평구,서울특별시 은평구 응암동(와산교 부근),5,서울특별시 은평구2,5,0,2,3,0,126.913381657639,37.588825108393
2018,서울,은평구,서울특별시 은평구 갈현동(갈현1동주민센터 부근),4,서울특별시 은평구3,4,1,1,1,1,126.917050987814,37.623719543023
2018,서울,은평구,서울특별시 은평구 대조동(서울병원 부근),4,서울특별시 은평구4,4,0,2,2,0,126.929192030589,37.608568457669
2018,서울,은평구,서울특별시 은평구 갈현동(호남식당 부근),3,서울특별시 은평구5,3,0,2,1,0,126.916480811341,37.614637826575
2018,서울,종로구,서울특별시 종로구 낙원동(낙원지하상가 부근),9,서울특별시 종로구1,9,0,7,1,1,126.987728592302,37.572580907884
2018,서울,종로구,서울특별시 종로구 종로3가(IBK기업은행 종로지점 부근),9,서울특별시 종로구2,9,0,5,4,0,126.990385265169,37.570235574014
2018,서울,종로구,서울특별시 종로구 숭인동(연세김치과의원 부근),5,서울특별시 종로구3,6,0,2,2,2,127.021448039297,37.575047890349
2018,서울,중구,서울특별시 중구 남대문로5가(서울역9-1번출구 부근),5,서울특별시 중구1,5,0,3,1,1,126.972720727581,37.554882884938
2018,서울,중구,서울특별시 중구 방산동(향기나무한의원 부근),3,서울특별시 중구2,4,1,3,0,0,127.002822018522,37.571166948797
2018,서울,중구,서울특별시 중구 신당동(신당중앙시장 부근),3,서울특별시 중구3,3,0,2,1,0,127.019590905997,37.565533758277
2018,서울,중구,서울특별시 중구 을지로5가(오장동사거리 부근),2,서울특별시 중구4,3,2,0,0,1,127.002707108547,37.564711408306
2018,서울,중랑구,서울특별시 노원구 월계동(S-OIL 신성주유소 부근),5,서울특별시 노원구1,6,1,2,3,0,127.056914090214,37.629041646356
2018,서울,중랑구,서울특별시 노원구 중계동(상계역 부근),5,서울특별시 노원구2,5,0,4,1,0,127.072458307006,37.659957337262
2018,서울,중랑구,서울특별시 노원구 상계동(성광빌딩 부근),5,서울특별시 노원구3,5,0,3,1,1,127.062346835339,37.657132408435
2018,서울,중랑구,서울특별시 노원구 상계동(수락산역 부근),3,서울특별시 노원구4,3,1,1,1,0,127.055032930626,37.678418775807
2018,서울,중랑구,서울특별시 노원구 상계동(대성한의원 부근),3,서울특별시 노원구5,3,1,1,1,0,127.078371071569,37.666480722608
2018,서울,중랑구,서울특별시 노원구 월계동(석계로11길 부근),2,서울특별시 노원구6,2,1,0,1,0,127.063587166815,37.61741583957
2019,서울,강남구,서울특별시 강남구 수서동(수서삼익아파트4단지상 부근),5,서울특별시 강남구1,6,0,3,2,1,127.101650490379,37.488281440537
2019,서울,강남구,서울특별시 강남구 역삼동(신논현역 부근),3,서울특별시 강남구2,3,1,1,1,0,127.025723278707,37.504435157557
2019,서울,강남구,서울특별시 강남구 신사동(벽당빌딩 부근),3,서울특별시 강남구3,3,1,0,2,0,127.024741242416,37.525486893606
2019,서울,강남구,서울특별시 강남구 청담동(강남구청역 부근),3,서울특별시 강남구4,4,0,2,2,0,127.041245999005,37.517403900371
2019,서울,강동구,서울특별시 강동구 천호동(광진교앞 부근),8,서울특별시 강동구1,10,0,5,5,0,127.124289308606,37.540909828727
2019,서울,강동구,서울특별시 강동구 천호동(천동초교입구 부근),6,서울특별시 강동구2,6,0,3,2,1,127.140180219443,37.54106720289
2019,서울,강동구,서울특별시 강동구 천호동(리코하이빌입구 부근),5,서울특별시 강동구3,6,0,5,1,0,127.135805355834,37.542437088901
2019,서울,강동구,서울특별시 강동구 명일동(황제당구장 부근),4,서울특별시 강동구4,7,1,4,2,0,127.14535125106,37.544460019415
2019,서울,강동구,서울특별시 강동구 천호동(강동구민회관 부근),4,서울특별시 강동구5,5,0,4,1,0,127.141501051034,37.546195329652
2019,서울,강동구,서울특별시 강동구 암사동(브라운스톤아파트앞 부근),4,서울특별시 강동구6,4,0,3,1,0,127.128613640208,37.549561211482
2019,서울,강동구,서울특별시 강동구 둔촌동(일자산입구 부근),3,서울특별시 강동구7,3,2,0,0,1,127.149790525913,37.531701607344
2019,서울,강동구,서울특별시 강동구 성내동(성일초교 부근),3,서울특별시 강동구8,3,0,1,2,0,127.128441783363,37.531082692113
2019,서울,강북구,서울특별시 강북구 번동(오현로32길3 부근),7,서울특별시 강북구1,7,1,3,3,0,127.039926402183,37.628598071045
2019,서울,강북구,서울특별시 강북구 미아동(삼양사거리 부근),5,서울특별시 강북구2,5,0,4,1,0,127.02093847713,37.619616703649
2019,서울,강북구,서울특별시 강북구 미아동(미아삼거리역 부근),5,서울특별시 강북구3,5,0,4,1,0,127.030130747237,37.613055226618
2019,서울,강북구,서울특별시 강북구 수유동(이화순대국전문 부근),5,서울특별시 강북구4,5,0,2,3,0,127.022421109348,37.640577335676
2019,서울,강북구,서울특별시 강북구 미아동(북부안식일교회 부근),4,서울특별시 강북구5,6,0,4,2,0,127.017895386264,37.629229866366
2019,서울,강북구,서울특별시 강북구 미아동(미아4동사무소 부근),4,서울특별시 강북구6,4,0,4,0,0,127.032094284725,37.61651635025
2019,서울,강북구,서울특별시 강북구 미아동(지성한의원 부근),4,서울특별시 강북구7,5,0,3,2,0,127.022348847023,37.629991109203
2019,서울,강북구,서울특별시 강북구 우이동(와락닭매운탕 부근),4,서울특별시 강북구8,6,0,2,4,0,127.013437856973,37.650306137719
2019,서울,강북구,서울특별시 강북구 수유동(삼성화재번동사옥 부근),4,서울특별시 강북구9,4,0,0,4,0,127.024522266491,37.637114173281
2019,서울,강북구,서울특별시 강북구 수유동(국민마트 부근),3,서울특별시 강북구10,3,0,2,1,0,127.015602650143,37.643533242666
2019,서울,강서구,서울특별시 강서구 화곡동(신정여상 부근),6,서울특별시 강서구1,6,1,2,3,0,126.857773647337,37.532673890489
2019,서울,강서구,서울특별시 강서구 등촌동(가양5단지 부근),6,서울특별시 강서구2,6,0,3,3,0,126.851568865712,37.563006274821
2019,서울,강서구,서울특별시 강서구 화곡동(청구빌라트 부근),4,서울특별시 강서구3,4,0,1,3,0,126.846731466385,37.544574833163
2019,서울,강서구,서울특별시 강서구 공항동(신한은행앞 부근),4,서울특별시 강서구4,4,0,1,3,0,126.812000560878,37.561241026153
2019,서울,강서구,서울특별시 강서구 화곡동(동면빌딩 부근),3,서울특별시 강서구5,3,0,2,1,0,126.852043741926,37.531085326228
2019,서울,강서구,서울특별시 강서구 등촌동(강서요양병원 부근),3,서울특별시 강서구6,3,0,2,1,0,126.854742189202,37.560204712179
2019,서울,강서구,서울특별시 강서구 화곡동(해바라기주유소입구 부근),2,서울특별시 강서구7,2,1,0,1,0,126.847336530258,37.549236534639
2019,서울,관악구,서울특별시 관악구 신림동(뿌리약국 부근),9,서울특별시 관악구1,9,0,5,4,0,126.918813821802,37.474185735684
2019,서울,관악구,서울특별시 관악구 신림동(신림4동사무소입구 부근),5,서울특별시 관악구2,6,1,1,4,0,126.913976942283,37.48525530459
2019,서울,관악구,서울특별시 관악구 봉천동(봉천로사거리 부근),4,서울특별시 관악구3,4,0,4,0,0,126.953454685387,37.482352867692
2019,서울,관악구,서울특별시 관악구 신림동(청암인터그린타워 부근),4,서울특별시 관악구4,4,0,2,2,0,126.929942428501,37.482561648902
2019,서울,관악구,서울특별시 관악구 봉천동(보라매공원 부근),3,서울특별시 관악구5,3,2,1,0,0,126.926855509176,37.493300088329
2019,서울,관악구,서울특별시 관악구 신림동(금성빌딩 부근),3,서울특별시 관악구6,3,1,1,1,0,126.932565598924,37.487200021964
2019,서울,관악구,서울특별시 관악구 신림동(구로디지털단지역 부근),3,서울특별시 관악구7,3,0,2,1,0,126.90261492464,37.484605755752
2019,서울,관악구,서울특별시 관악구 봉천동(현대시장 부근),3,서울특별시 관악구8,3,0,1,2,0,126.946381601131,37.48708135732
2019,서울,광진구,서울특별시 광진구 능동(하나은행중곡동지점 부근),3,서울특별시 광진구1,3,1,2,0,0,127.081959169581,37.556268204215
2019,서울,구로구,서울특별시 구로구 구로동(유풍빌딩 부근),5,서울특별시 구로구1,5,0,5,0,0,126.882395970699,37.494002258299
2019,서울,구로구,서울특별시 구로구 구로동(영서중 부근),5,서울특별시 구로구2,5,0,4,1,0,126.89079049089,37.48930199749
2019,서울,구로구,서울특별시 구로구 가리봉동(남구로역 부근),4,서울특별시 구로구3,4,0,1,3,0,126.886938944578,37.485859459248
2019,서울,구로구,서울특별시 구로구 개봉동(조양빌딩 부근),3,서울특별시 구로구4,3,0,2,1,0,126.856204624445,37.493323771975
2019,서울,금천구,서울특별시 금천구 시흥동(형제주유소입구 부근),6,서울특별시 금천구1,6,0,2,4,0,126.904770847798,37.460555823893
2019,서울,금천구,서울특별시 금천구 독산동(시흥사거리 부근),5,서울특별시 금천구2,5,0,2,3,0,126.90124182625,37.454964207233
2019,서울,금천구,서울특별시 금천구 독산동(독산사거리 부근),3,서울특별시 금천구3,3,1,1,1,0,126.89793331757,37.471493386711
2019,서울,중랑구,서울특별시 노원구 상계동(흥부전놀부전 부근),6,서울특별시 노원구1,6,0,4,2,0,127.080042574007,37.669164679108
2019,서울,중랑구,서울특별시 노원구 상계동(삼정의원 부근),4,서울특별시 노원구2,5,1,2,2,0,127.070539842641,37.661891714232
2019,서울,중랑구,서울특별시 노원구 월계동(인덕공전 부근),3,서울특별시 노원구3,3,0,2,1,0,127.055067185803,37.628980615664
2019,서울,도봉구,서울특별시 도봉구 창동(창동견인차량보관소 부근),7,서울특별시 도봉구1,8,0,6,2,0,127.049586222627,37.653613853198
2019,서울,도봉구,서울특별시 도봉구 방학동(방학프라자 부근),5,서울특별시 도봉구2,5,0,2,2,1,127.037628564208,37.665814003914
2019,서울,도봉구,서울특별시 도봉구 쌍문동(정의여중고 부근),3,서울특별시 도봉구3,3,1,2,0,0,127.032995223752,37.651264738578
2019,서울,도봉구,서울특별시 도봉구 쌍문동(창동변전소 부근),3,서울특별시 도봉구4,3,0,3,0,0,127.040436022805,37.658228699995
2019,서울,도봉구,서울특별시 도봉구 창동(강북구도봉구경계4 부근),2,서울특별시 도봉구5,2,1,1,0,0,127.030386927216,37.642337818836
2019,서울,동대문구,서울특별시 동대문구 제기동(경동시장 부근),13,서울특별시 동대문구1,14,0,7,6,1,127.037837190735,37.578536331787
2019,서울,동대문구,서울특별시 동대문구 제기동(우리은행청량리중앙지 부근),12,서울특별시 동대문구2,12,0,8,4,0,127.041365144787,37.579246109122
2019,서울,동대문구,서울특별시 동대문구 청량리동(옥치과의원 부근),7,서울특별시 동대문구3,7,0,5,2,0,127.045730901861,37.581236753974
2019,서울,동대문구,서울특별시 동대문구 신설동(신설동역일반국도6호선 부근),7,서울특별시 동대문구4,7,0,3,3,1,127.023755133094,37.575802145454
2019,서울,동대문구,서울특별시 동대문구 제기동(제기사거리 부근),6,서울특별시 동대문구5,6,0,4,2,0,127.038331026457,37.582009554898
2019,서울,동대문구,서울특별시 동대문구 청량리동(영휘원 부근),5,서울특별시 동대문구6,5,0,5,0,0,127.041908832628,37.586705360465
2019,서울,동대문구,서울특별시 동대문구 장안동(장안동우리은행 부근),5,서울특별시 동대문구7,5,0,2,2,1,127.066812023257,37.566223946579
2019,서울,동대문구,서울특별시 동대문구 답십리동(쌍마빌딩 부근),3,서울특별시 동대문구8,4,0,4,0,0,127.055328098014,37.566121817769
2019,서울,동대문구,서울특별시 동대문구 휘경동(백합빌딩 부근),3,서울특별시 동대문구9,3,0,3,0,0,127.058941091959,37.589020594026
2019,서울,동대문구,서울특별시 동대문구 용두동(마장동사거리 부근),3,서울특별시 동대문구10,3,0,0,3,0,127.037978447249,37.572878402717
2019,서울,동작구,서울특별시 동작구 상도동(상도3동주민센터 부근),9,서울특별시 동작구1,11,0,7,3,1,126.931696868217,37.499577568451
2019,서울,동작구,서울특별시 동작구 사당동(대우디오슈페리움2 부근),6,서울특별시 동작구2,7,0,5,1,1,126.980075781673,37.488106319152
2019,서울,동작구,서울특별시 동작구 상도동(럭키하이퍼마켓 부근),6,서울특별시 동작구3,7,0,3,3,1,126.941034202568,37.501568015452
2019,서울,동작구,서울특별시 동작구 사당동(대성문구인쇄 부근),4,서울특별시 동작구4,12,0,4,8,0,126.979868292789,37.484705781947
2019,서울,동작구,서울특별시 동작구 상도동(리치타운 부근),4,서울특별시 동작구5,5,0,3,1,1,126.952467811641,37.497835869431
2019,서울,동작구,서울특별시 동작구 노량진동(타코야 부근),4,서울특별시 동작구6,5,0,2,3,0,126.939768628021,37.508070120141
2019,서울,동작구,서울특별시 동작구 사당동(사당시장 부근),3,서울특별시 동작구7,3,0,3,0,0,126.975683589927,37.48254298707
2019,서울,마포구,서울특별시 마포구 성산동(평강교회 부근),3,서울특별시 마포구1,3,0,3,0,0,126.901813991124,37.565640957465
2019,서울,마포구,서울특별시 마포구 대흥동(대흥동사무소 부근),3,서울특별시 마포구2,3,0,1,2,0,126.946107178405,37.550390624728
2019,서울,서대문구,서울특별시 서대문구 북아현동(굴레방다리 부근),6,서울특별시 서대문구1,6,0,4,2,0,126.956539138771,37.559056359764
2019,서울,서대문구,서울특별시 서대문구 충정로3가(충정로역가구상가서소 부근),5,서울특별시 서대문구2,5,0,4,1,0,126.964478472505,37.559954362505
2019,서울,서대문구,서울특별시 서대문구 창천동(신촌현대백화점 부근),5,서울특별시 서대문구3,5,0,4,1,0,126.935278273475,37.555696335219
2019,서울,서대문구,서울특별시 서대문구 홍제동(인왕초등교 부근),4,서울특별시 서대문구4,5,2,2,1,0,126.945013894177,37.592069307454
2019,서울,서대문구,서울특별시 서대문구 홍제동(인왕APT 부근),4,서울특별시 서대문구5,4,0,3,1,0,126.948050231134,37.585289397688
2019,서울,서대문구,서울특별시 서대문구 홍은동(홍연2교 부근),4,서울특별시 서대문구6,4,0,2,2,0,126.930192489493,37.578157919553
2019,서울,서대문구,서울특별시 서대문구 홍제동(홍은사거리통일로진출 부근),3,서울특별시 서대문구7,3,1,2,0,0,126.941203479258,37.591827969886
2019,서울,서대문구,서울특별시 서대문구 연희동(연희동성당앞 부근),3,서울특별시 서대문구8,3,0,2,0,1,126.928067619926,37.563131907413
2019,서울,서초구,서울특별시 서초구 잠원동(반포쇼핑센타 부근),4,서울특별시 서초구1,4,1,3,0,0,127.004316236706,37.506276172308
2019,서울,서초구,서울특별시 서초구 방배동(사당역 부근),3,서울특별시 서초구2,4,1,2,1,0,126.981442918457,37.476586379659
2019,서울,성동구,서울특별시 성동구 성수동1가(뚝섬역 부근),4,서울특별시 성동구1,4,1,1,2,0,127.044443867691,37.547927119942
2019,서울,성동구,서울특별시 성동구 성수동2가(뚝도시장 부근),3,서울특별시 성동구2,3,0,3,0,0,127.054708838343,37.538889652836
2019,서울,성동구,서울특별시 성동구 홍익동(청계벽산상가 부근),3,서울특별시 성동구3,3,0,2,1,0,127.030468727751,37.568648490936
2019,서울,성북구,서울특별시 성북구 장위동(신한은행장위지점 부근),6,서울특별시 성북구1,6,0,4,2,0,127.051600242658,37.609958203409
2019,서울,성북구,서울특별시 성북구 하월곡동(방천시장입구 부근),6,서울특별시 성북구2,6,0,4,2,0,127.034979314345,37.611741630972
2019,서울,성북구,서울특별시 성북구 장위동(부동산 부근),4,서울특별시 성북구3,4,0,3,1,0,127.047537174003,37.607417903714
2019,서울,성북구,서울특별시 성북구 정릉동(정릉4동사무소 부근),4,서울특별시 성북구4,4,0,3,1,0,127.007247460003,37.612746756459
2019,서울,성북구,서울특별시 성북구 하월곡동(종암사거리종암로진출 부근),4,서울특별시 성북구5,4,0,3,1,0,127.032506934149,37.602768388951
2019,서울,성북구,서울특별시 성북구 하월곡동(월곡시장 부근),4,서울특별시 성북구6,4,0,1,2,1,127.042584187511,37.603666873728
2019,서울,성북구,서울특별시 성북구 돈암동(스카이웨이주유소 부근),3,서울특별시 성북구7,4,1,2,1,0,127.013387567783,37.601286697424
2019,서울,성북구,서울특별시 성북구 석관동(돌곶이역 부근),3,서울특별시 성북구8,3,1,2,0,0,127.05668244554,37.61079762701
2019,서울,성북구,서울특별시 성북구 석관동(장위사거리 부근),3,서울특별시 성북구9,3,1,0,2,0,127.061548044008,37.612405827968
2019,서울,성북구,서울특별시 성북구 동소문동7가(흥천사입구 부근),3,서울특별시 성북구10,4,0,4,0,0,127.014737239733,37.596668458384
2019,서울,송파구,서울특별시 송파구 잠실동(잠실천주교회 부근),6,서울특별시 송파구1,7,0,2,5,0,127.083896181565,37.510703083282
2019,서울,송파구,서울특별시 송파구 석촌동(송파사거리 부근),5,서울특별시 송파구2,5,0,4,1,0,127.108316562161,37.501599094224
2019,서울,송파구,서울특별시 송파구 가락동(문정시영아파트 부근),4,서울특별시 송파구3,4,0,4,0,0,127.134435147865,37.491507179214
2019,서울,송파구,서울특별시 송파구 방이동(방이초교앞 부근),3,서울특별시 송파구4,3,0,2,1,0,127.117953464282,37.513181399903
2019,서울,송파구,서울특별시 송파구 송파동(송파지하차도북측 부근),3,서울특별시 송파구5,3,0,2,1,0,127.111970296293,37.500253291157
2019,서울,송파구,서울특별시 송파구 마천동(성내2교남단 부근),3,서울특별시 송파구6,3,0,2,1,0,127.145245605002,37.498920797158
2019,서울,양천구,서울특별시 양천구 목동(SC제일은행등촌지점 부근),10,서울특별시 양천구1,10,0,4,6,0,126.864753218287,37.548426685244
2019,서울,양천구,서울특별시 양천구 신월동(양강중학교앞 부근),5,서울특별시 양천구2,5,0,2,3,0,126.851093496669,37.523995422851
2019,서울,양천구,서울특별시 양천구 목동(덕수프라자 부근),4,서울특별시 양천구3,4,0,2,2,0,126.871623250014,37.546629132929
2019,서울,양천구,서울특별시 양천구 신정동(신트리현대아파트501동 부근),3,서울특별시 양천구4,3,0,3,0,0,126.853429339993,37.512784468829
2019,서울,양천구,서울특별시 양천구 신정동(삼익쇼핑지하상가 부근),3,서울특별시 양천구5,3,0,2,1,0,126.876830907422,37.522365134544
2019,서울,양천구,서울특별시 양천구 신정동(담우빌딩 부근),2,서울특별시 양천구6,2,1,1,0,0,126.86361459294,37.526721728426
2019,서울,영등포구,서울특별시 영등포구 영등포동4가(영등포역 부근),7,서울특별시 영등포구1,7,0,4,2,1,126.90600717819,37.516454738796
2019,서울,영등포구,서울특별시 영등포구 당산동3가(서림빌딩 부근),5,서울특별시 영등포구2,5,0,2,3,0,126.897075393116,37.526454467001
2019,서울,영등포구,서울특별시 영등포구 영등포동3가(선한치과 부근),4,서울특별시 영등포구3,4,0,4,0,0,126.908210924596,37.519381108452
2019,서울,영등포구,서울특별시 영등포구 신길동(하이마트 부근),4,서울특별시 영등포구4,4,0,3,1,0,126.908267472167,37.497213427059
2019,서울,영등포구,서울특별시 영등포구 여의도동(한양수퍼앞 부근),4,서울특별시 영등포구5,4,0,0,3,1,126.933419146378,37.519964415027
2019,서울,영등포구,서울특별시 영등포구 신길동(영등포농협 부근),3,서울특별시 영등포구6,4,0,2,2,0,126.912191027195,37.511135586139
2019,서울,영등포구,서울특별시 영등포구 문래동6가(제일종합카센타 부근),3,서울특별시 영등포구7,3,0,1,2,0,126.884739566179,37.519558615738
2019,서울,용산구,서울특별시 용산구 한남동(순천향병원 부근),4,서울특별시 용산구1,4,0,2,2,0,127.005931895741,37.53336865544
2019,서울,은평구,서울특별시 은평구 갈현동(신한은행연신내지점 부근),8,서울특별시 은평구1,8,0,4,4,0,126.921222637016,37.619162417413
2019,서울,은평구,서울특별시 은평구 대조동(불광로28 부근),6,서울특별시 은평구2,6,0,3,3,0,126.927946539702,37.609806364573
2019,서울,은평구,서울특별시 은평구 응암동(파리바게뜨 부근),5,서울특별시 은평구3,6,0,3,3,0,126.917855849569,37.588082432959
2019,서울,은평구,서울특별시 은평구 역촌동(서부경찰서 부근),3,서울특별시 은평구4,3,0,3,0,0,126.91863158588,37.602645059523
2019,서울,은평구,서울특별시 은평구 갈현동(구산사거리 부근),3,서울특별시 은평구5,3,0,2,1,0,126.91374392884,37.612909935746
2019,서울,은평구,서울특별시 은평구 신사동(신사연세치과 부근),3,서울특별시 은평구6,3,0,1,2,0,126.910322968032,37.598917361548
2019,서울,종로구,서울특별시 종로구 낙원동(기업은행 부근),7,서울특별시 종로구1,7,0,3,3,1,126.989062001811,37.570202529324
2019,서울,종로구,서울특별시 종로구 숭인동(영도교남단 부근),5,서울특별시 종로구2,5,0,2,3,0,127.018822616072,37.571431826119
2019,서울,중구,서울특별시 중구 을지로5가(중부시장앞 부근),5,서울특별시 중구1,5,2,2,1,0,127.000108755816,37.566694384639
2019,서울,중구,서울특별시 중구 을지로6가(흥인시장 부근),3,서울특별시 중구2,3,0,2,1,0,127.009478037682,37.569033794675
2019,서울,중랑구,서울특별시 노원구 상계동(흥부전놀부전 부근),6,서울특별시 노원구1,6,0,4,2,0,127.080042574007,37.669164679108
2019,서울,중랑구,서울특별시 노원구 상계동(삼정의원 부근),4,서울특별시 노원구2,5,1,2,2,0,127.070539842641,37.661891714232
2019,서울,중랑구,서울특별시 노원구 월계동(인덕공전 부근),3,서울특별시 노원구3,3,0,2,1,0,127.055067185803,37.628980615664
2020,서울,강남구,서울특별시 강남구 수서동(수서아파트6단지601동 부근),6,서울특별시 강남구1,6,0,4,2,0,127.103924752626,37.487561327294
2020,서울,강남구,서울특별시 강남구 역삼동(국기원입구교차로 부근),5,서울특별시 강남구2,5,0,2,3,0,127.029759235501,37.497967800874
2020,서울,강동구,서울특별시 강동구 암사동(암사시장 부근),5,서울특별시 강동구1,5,0,1,4,0,127.12867583912,37.551214544916
2020,서울,강동구,서울특별시 강동구 천호동(천호사거리 부근),4,서울특별시 강동구2,4,0,3,1,0,127.123545089036,37.538955181038
2020,서울,강동구,서울특별시 강동구 천호동(천호시장사거리 부근),4,서울특별시 강동구3,4,0,2,1,1,127.127767071494,37.540449508939
2020,서울,강동구,서울특별시 강동구 암사동(장치봉의맵꼬만명태찜 부근),3,서울특별시 강동구4,3,0,3,0,0,127.134523926239,37.551890780236
2020,서울,강동구,서울특별시 강동구 천호동(강동구민회관 부근),3,서울특별시 강동구5,3,0,2,1,0,127.141572112764,37.546179770481
2020,서울,강북구,서울특별시 강북구 미아동(동성자동차공업주 부근),5,서울특별시 강북구1,5,0,2,2,1,127.033689136146,37.610862143474
2020,서울,강북구,서울특별시 강북구 미아동(삼양시장앞교차로 부근),4,서울특별시 강북구2,4,0,3,1,0,127.01834194013,37.62473532008
2020,서울,강서구,서울특별시 강서구 화곡동(한라한의원 부근),3,서울특별시 강서구1,3,0,3,0,0,126.847765916965,37.534250477578
2020,서울,강서구,서울특별시 강서구 화곡동(한성빌딩 부근),3,서울특별시 강서구2,3,0,1,2,0,126.840006471922,37.537533331299
2020,서울,강서구,서울특별시 강서구 방화동(신방화사거리 부근),2,서울특별시 강서구3,2,1,1,0,0,126.816915794729,37.573379066991
2020,서울,강서구,서울특별시 강서구 화곡동(우장공원입구교차로 부근),2,서울특별시 강서구4,2,1,1,0,0,126.850033038595,37.552109607773
2020,서울,관악구,서울특별시 관악구 봉천동(봉천본동농협앞 부근),6,서울특별시 관악구1,6,1,2,2,1,126.946254645636,37.481294043686
2020,서울,관악구,서울특별시 관악구 남현동(꼬마숲어린이집 부근),4,서울특별시 관악구2,5,0,3,2,0,126.977406284474,37.476225982644
2020,서울,관악구,서울특별시 관악구 봉천동(2호선봉천역사입구 부근),3,서울특별시 관악구3,3,1,2,0,0,126.94118380479,37.482616382541
2020,서울,관악구,서울특별시 관악구 신림동(롯데백화점관악점앞 부근),3,서울특별시 관악구4,3,0,3,0,0,126.916854744052,37.489066505516
2020,서울,관악구,서울특별시 관악구 봉천동(플랫화이트 부근),3,서울특별시 관악구5,4,0,2,2,0,126.966780415885,37.473735915481
2020,서울,광진구,서울특별시 광진구 구의동(구의사거리 부근),2,서울특별시 광진구1,2,2,0,0,0,127.083341569659,37.545287404691
2020,서울,구로구,서울특별시 구로구 오류동(오류동역2번출구 부근),4,서울특별시 구로구1,4,0,1,2,1,126.845586347033,37.493450582679
2020,서울,구로구,서울특별시 구로구 개봉동(개봉로5길26 부근),3,서울특별시 구로구2,3,0,1,2,0,126.854228911936,37.485640127191
2020,서울,금천구,서울특별시 금천구 시흥동(장혁빌딩 부근),4,서울특별시 금천구1,4,1,1,2,0,126.905523094716,37.457318279816
2020,서울,금천구,서울특별시 금천구 독산동(독산4동사거리 부근),4,서울특별시 금천구2,6,0,3,3,0,126.902896688532,37.464831392456
2020,서울,금천구,서울특별시 금천구 시흥동(평화교회 부근),4,서울특별시 금천구3,4,0,2,2,0,126.913186136932,37.450153858615
2020,서울,금천구,서울특별시 금천구 가산동(신평대일타운 부근),3,서울특별시 금천구4,3,0,1,2,0,126.893005218917,37.475642360408
2020,서울,중랑구,서울특별시 노원구 상계동(기업은행 부근),5,서울특별시 노원구1,5,0,5,0,0,127.080529404909,37.669359547806
2020,서울,중랑구,서울특별시 노원구 중계동(성은약국 부근),4,서울특별시 노원구2,6,0,3,3,0,127.073506405697,37.660604554158
2020,서울,중랑구,서울특별시 노원구 상계동(상계초교입구교차로 부근),4,서울특별시 노원구3,4,0,3,1,0,127.067914734179,37.65767796057
2020,서울,중랑구,서울특별시 노원구 상계동(수락산역앞교차로 부근),3,서울특별시 노원구4,5,1,1,3,0,127.055084701899,37.678473332279
2020,서울,중랑구,서울특별시 노원구 공릉동(준효약국 부근),3,서울특별시 노원구5,3,0,2,1,0,127.079193671552,37.623183369918
2020,서울,중랑구,서울특별시 노원구 상계동(당고개입구오거리 부근),3,서울특별시 노원구6,3,0,1,2,0,127.075831551586,37.664055758268
2020,서울,도봉구,서울특별시 도봉구 창동(우성빌딩입구 부근),5,서울특별시 도봉구1,5,0,2,2,1,127.034682336622,37.648479042675
2020,서울,도봉구,서울특별시 도봉구 방학동(아람미술놀이방 부근),4,서울특별시 도봉구2,4,1,1,2,0,127.033448099851,37.667358825151
2020,서울,도봉구,서울특별시 도봉구 방학동(LG대경주유소 부근),4,서울특별시 도봉구3,4,0,3,1,0,127.0430795269,37.666415951636
2020,서울,도봉구,서울특별시 도봉구 쌍문동(한일병원 부근),4,서울특별시 도봉구4,4,0,2,2,0,127.027750968434,37.645282924069
2020,서울,도봉구,서울특별시 도봉구 도봉동(도봉고등학교 부근),3,서울특별시 도봉구5,3,0,2,1,0,127.042526351211,37.687339173665
2020,서울,동대문구,서울특별시 동대문구 제기동(성바오로병원앞교차로 부근),10,서울특별시 동대문구1,10,0,3,7,0,127.042332631847,37.579574251052
2020,서울,동대문구,서울특별시 동대문구 용두동(경동시장앞교차로 부근),9,서울특별시 동대문구2,12,1,5,6,0,127.038351256706,37.57852680347
2020,서울,동대문구,서울특별시 동대문구 회기동(경희대 부근),6,서울특별시 동대문구3,11,0,3,8,0,127.053114707279,37.593541459871
2020,서울,동대문구,서울특별시 동대문구 제기동(식당재료유통할인 부근),5,서울특별시 동대문구4,5,0,4,1,0,127.040413327514,37.583010036285
2020,서울,동대문구,서울특별시 동대문구 장안동(장안동삼거리 부근),4,서울특별시 동대문구5,4,0,1,3,0,127.071972496834,37.578929634996
2020,서울,동대문구,서울특별시 동대문구 용두동(서울시설공단 부근),3,서울특별시 동대문구6,3,0,2,1,0,127.038110017165,37.572680620215
2020,서울,동대문구,서울특별시 동대문구 휘경동(위생병원앞교차로 부근),3,서울특별시 동대문구7,3,0,2,1,0,127.063803378224,37.590517338405
2020,서울,동작구,서울특별시 동작구 상도동(성대약국 부근),13,서울특별시 동작구1,14,0,4,10,0,126.931917144562,37.500104231226
2020,서울,동작구,서울특별시 동작구 대방동(대방천사거리 부근),5,서울특별시 동작구2,5,0,4,1,0,126.920905196119,37.498233122462
2020,서울,동작구,서울특별시 동작구 상도동(장승배기교차로 부근),5,서울특별시 동작구3,5,0,3,2,0,126.938974935846,37.504920306728
2020,서울,동작구,서울특별시 동작구 사당동(남성역앞교차로 부근),4,서울특별시 동작구4,4,0,2,2,0,126.969190918227,37.485351399848
2020,서울,동작구,서울특별시 동작구 상도동(숭실대입구역삼거리 부근),3,서울특별시 동작구5,3,0,2,1,0,126.954281871013,37.495735090003
2020,서울,동작구,서울특별시 동작구 노량진동(노량진삼익아파트 부근),3,서울특별시 동작구6,3,0,1,2,0,126.944724886246,37.510707130231
2020,서울,마포구,서울특별시 마포구 노고산동(신촌현대백화점 부근),4,서울특별시 마포구1,4,1,2,1,0,126.933684100142,37.556259665152
2020,서울,마포구,서울특별시 마포구 서교동(서교동감리교회 부근),2,서울특별시 마포구2,2,1,1,0,0,126.914755479083,37.554699457415
2020,서울,서대문구,서울특별시 서대문구 홍은동(유진상가 부근),6,서울특별시 서대문구1,6,1,2,3,0,126.941741045414,37.590960433478
2020,서울,서대문구,서울특별시 서대문구 홍제동(홍제교 부근),4,서울특별시 서대문구2,6,0,3,3,0,126.945562232412,37.592272434626
2020,서울,서대문구,서울특별시 서대문구 남가좌동(홍남교앞교차로 부근),3,서울특별시 서대문구3,3,1,1,1,0,126.92594126288,37.575766789507
2020,서울,서대문구,서울특별시 서대문구 홍제동(서부빌딩 부근),3,서울특별시 서대문구4,3,0,2,1,0,126.945102164434,37.58806260021
2020,서울,서초구,서울특별시 서초구 서초동(서초1교 부근),3,서울특별시 서초구1,4,0,2,2,0,127.020653981097,37.495680532631
2020,서울,서초구,서울특별시 서초구 서초동(양재역사거리 부근),3,서울특별시 서초구2,4,0,2,2,0,127.034050546696,37.484386003712
2020,서울,서초구,서울특별시 서초구 잠원동(한양아파트 부근),3,서울특별시 서초구3,3,0,1,2,0,127.00825935019,37.508852506039
2020,서울,서초구,서울특별시 서초구 서초동(서초동17411 부근),2,서울특별시 서초구4,2,1,0,1,0,127.008046212664,37.489081830863
2020,서울,성동구,서울특별시 성동구 금호동4가(금남시장앞교차로 부근),5,서울특별시 성동구1,5,1,2,2,0,127.02207285408,37.548154164584
2020,서울,성동구,서울특별시 성동구 성수동2가(윤진약국 부근),4,서울특별시 성동구2,4,0,2,2,0,127.054275551277,37.537517960087
2020,서울,성동구,서울특별시 성동구 성수동2가(성수역앞교차로 부근),3,서울특별시 성동구3,3,1,0,2,0,127.05688788307,37.543656994975
2020,서울,성동구,서울특별시 성동구 응봉동(응봉현대아파트 부근),3,서울특별시 성동구4,3,0,2,1,0,127.030213060386,37.549854332013
2020,서울,성북구,서울특별시 성북구 동선동1가(성신여대입구역사거리 부근),6,서울특별시 성북구1,7,0,2,5,0,127.016677446108,37.593011989413
2020,서울,성북구,서울특별시 성북구 하월곡동(성북트리즘빌딩앞교차로 부근),4,서울특별시 성북구2,4,0,3,1,0,127.038390321457,37.602480205698
2020,서울,성북구,서울특별시 성북구 정릉동(미진미싱 부근),4,서울특별시 성북구3,4,0,3,1,0,127.02104061943,37.601870075944
2020,서울,성북구,서울특별시 성북구 종암동(종암동370 부근),4,서울특별시 성북구4,4,0,1,3,0,127.032268445633,37.602620147403
2020,서울,성북구,서울특별시 성북구 정릉동(북한산보국문역1번출구 부근),3,서울특별시 성북구5,4,1,2,1,0,127.009509709107,37.609880903082
2020,서울,성북구,서울특별시 성북구 상월곡동(부동산 부근),3,서울특별시 성북구6,3,0,3,0,0,127.04625380457,37.607191109983
2020,서울,성북구,서울특별시 성북구 석관동(장위사거리 부근),2,서울특별시 성북구7,2,1,0,1,0,127.060607444879,37.613069267733
2020,서울,송파구,서울특별시 송파구 문정동(GS마트입구 부근),5,서울특별시 송파구1,5,0,3,2,0,127.115707097206,37.491824066129
2020,서울,송파구,서울특별시 송파구 방이동(각시반찬 부근),5,서울특별시 송파구2,5,0,1,4,0,127.115625347033,37.511038751638
2020,서울,송파구,서울특별시 송파구 삼전동(배명사거리 부근),3,서울특별시 송파구3,4,0,2,2,0,127.097319236694,37.502231192616
2020,서울,송파구,서울특별시 송파구 잠실동(삼전사거리 부근),3,서울특별시 송파구4,3,0,2,1,0,127.088164483605,37.504642316391
2020,서울,송파구,서울특별시 송파구 마천동(마천사거리 부근),3,서울특별시 송파구5,3,0,1,2,0,127.146386003812,37.497647098136
2020,서울,양천구,서울특별시 양천구 신월동(신월제2동제일은행 부근),5,서울특별시 양천구1,6,0,6,0,0,126.844076155991,37.522611679187
2020,서울,양천구,서울특별시 양천구 목동(목동사거리 부근),5,서울특별시 양천구2,5,0,3,2,0,126.863692130688,37.533924347432
2020,서울,양천구,서울특별시 양천구 신정동(신정네거리역앞 부근),5,서울특별시 양천구3,5,0,2,3,0,126.853445299362,37.521467833275
2020,서울,양천구,서울특별시 양천구 신월동(월정초교앞교차로 부근),4,서울특별시 양천구4,4,0,2,2,0,126.834170989701,37.536959765282
2020,서울,양천구,서울특별시 양천구 목동(양동중학교 부근),3,서울특별시 양천구5,3,1,2,0,0,126.869493399102,37.548415006648
2020,서울,양천구,서울특별시 양천구 신월동(신월지하차도북측 부근),3,서울특별시 양천구6,3,1,1,1,0,126.842283052622,37.518031871774
2020,서울,영등포구,서울특별시 영등포구 영등포동3가(영등포역앞교차로 부근),5,서울특별시 영등포구1,6,0,2,3,1,126.906955136471,37.516481471144
2020,서울,영등포구,서울특별시 영등포구 신길동(신길동3994 부근),4,서울특별시 영등포구2,4,0,3,1,0,126.916952423916,37.500026156583
2020,서울,영등포구,서울특별시 영등포구 당산동1가(영등포청과시장앞교차로 부근),4,서울특별시 영등포구3,4,0,1,3,0,126.901875464282,37.520593058224
2020,서울,영등포구,서울특별시 영등포구 신길동(엔씨티오피스텔 부근),2,서울특별시 영등포구4,2,1,1,0,0,126.91731819438,37.515844078442
2020,서울,용산구,서울특별시 용산구 용문동(용문새마을금고 부근),6,서울특별시 용산구1,6,2,2,1,1,126.960003240958,37.536962259102
2020,서울,은평구,서울특별시 은평구 불광동(불광전화국앞 부근),5,서울특별시 은평구1,5,2,3,0,0,126.928925005686,37.611821374758
2020,서울,은평구,서울특별시 은평구 신사동(동명한의원 부근),5,서울특별시 은평구2,5,0,3,1,1,126.913695574992,37.598757183298
2020,서울,은평구,서울특별시 은평구 녹번동(푸른치과의원 부근),4,서울특별시 은평구3,4,1,3,0,0,126.932359487801,37.60747095742
2020,서울,은평구,서울특별시 은평구 응암동(응암오거리 부근),4,서울특별시 은평구4,4,0,3,1,0,126.917817660757,37.589804373874
2020,서울,종로구,서울특별시 종로구 숭인동(아람보습학원 부근),9,서울특별시 종로구1,10,0,4,2,4,127.018584814639,37.573520202996
2020,서울,종로구,서울특별시 종로구 창신동(흥인지문사거리 부근),5,서울특별시 종로구2,7,0,4,3,0,127.010222447009,37.571583113671
2020,서울,종로구,서울특별시 종로구 관수동(기업은행 부근),5,서울특별시 종로구3,5,0,3,1,1,126.989246209046,37.569777160788
2020,서울,종로구,서울특별시 종로구 명륜2가(성균관대입구교차로 부근),3,서울특별시 종로구4,4,0,4,0,0,126.998095348223,37.58364889758
2020,서울,중구,서울특별시 중구 황학동(신당5동주민센터 부근),6,서울특별시 중구1,6,0,2,1,3,127.021116856759,37.565475831146
2020,서울,중구,서울특별시 중구 신당동(약수역서울3호선 부근),5,서울특별시 중구2,5,0,4,1,0,127.010772538923,37.553665648052
2020,서울,중구,서울특별시 중구 황학동(동대문중앙교회앞 부근),4,서울특별시 중구3,4,0,4,0,0,127.018719666181,37.568201392081
2020,서울,중구,서울특별시 중구 인현동1가(을지로4가 부근),4,서울특별시 중구4,4,0,2,2,0,126.997270758939,37.566474742316
2020,서울,중랑구,서울특별시 노원구 상계동(기업은행 부근),5,서울특별시 노원구1,5,0,5,0,0,127.080529404909,37.669359547806
2020,서울,중랑구,서울특별시 노원구 중계동(성은약국 부근),4,서울특별시 노원구2,6,0,3,3,0,127.073506405697,37.660604554158
2020,서울,중랑구,서울특별시 노원구 상계동(상계초교입구교차로 부근),4,서울특별시 노원구3,4,0,3,1,0,127.067914734179,37.65767796057
2020,서울,중랑구,서울특별시 노원구 상계동(수락산역앞교차로 부근),3,서울특별시 노원구4,5,1,1,3,0,127.055084701899,37.678473332279
2020,서울,중랑구,서울특별시 노원구 공릉동(준효약국 부근),3,서울특별시 노원구5,3,0,2,1,0,127.079193671552,37.623183369918
2020,서울,중랑구,서울특별시 노원구 상계동(당고개입구오거리 부근),3,서울특별시 노원구6,3,0,1,2,0,127.075831551586,37.664055758268
2021,서울,강동구,서울특별시 강동구 암사동(성덕여중교 부근),5,서울특별시 강동구1,5,1,4,0,0,127.139704705609,37.550788122375
2021,서울,강동구,서울특별시 강동구 천호동(천동초교앞교차로 부근),5,서울특별시 강동구2,6,0,5,1,0,127.136123193332,37.542304403826
2021,서울,강동구,서울특별시 강동구 천호동(강동구민회관 부근),5,서울특별시 강동구3,6,0,5,1,0,127.140860152775,37.545924327047
2021,서울,강북구,서울특별시 강북구 수유동(번창교 부근),5,서울특별시 강북구1,6,1,5,0,0,127.030449619855,37.641980760105
2021,서울,강북구,서울특별시 강북구 번동(새마을금고 부근),5,서울특별시 강북구2,6,1,4,1,0,127.039827387725,37.62849763296
2021,서울,강북구,서울특별시 강북구 미아동(미아4동사무소 부근),5,서울특별시 강북구3,5,0,5,0,0,127.033332260876,37.616033627451
2021,서울,강북구,서울특별시 강북구 미아동(미아삼거리역 부근),5,서울특별시 강북구4,5,0,5,0,0,127.030404426224,37.61313772053
2021,서울,강북구,서울특별시 강북구 미아동(삼성생명 부근),5,서울특별시 강북구5,5,0,5,0,0,127.026699911872,37.625561418426
2021,서울,강서구,서울특별시 강서구 가양동(양천향교역사거리 부근),5,서울특별시 강서구1,7,1,6,0,0,126.841350056361,37.568789496539
2021,서울,강서구,서울특별시 강서구 화곡동(신정여상 부근),5,서울특별시 강서구2,5,1,4,0,0,126.85819882072,37.531927182494
2021,서울,강서구,서울특별시 강서구 화곡동(목동사거리 부근),5,서울특별시 강서구3,5,0,5,0,0,126.863623612241,37.532857887283
2021,서울,강서구,서울특별시 강서구 화곡동(우장산역앞교차로 부근),5,서울특별시 강서구4,5,0,5,0,0,126.835869314418,37.548388461359
2021,서울,관악구,서울특별시 관악구 봉천동(봉천본동농협앞 부근),5,서울특별시 관악구1,5,1,4,0,0,126.945721277516,37.481534007989
2021,서울,관악구,서울특별시 관악구 신림동(뿌리약국 부근),5,서울특별시 관악구2,5,0,5,0,0,126.918858994748,37.474194070601
2021,서울,관악구,서울특별시 관악구 신림동(구로디지털단지역앞교 부근),5,서울특별시 관악구3,5,0,5,0,0,126.902717012981,37.484569317021
2021,서울,관악구,서울특별시 관악구 봉천동(까치고개 부근),5,서울특별시 관악구4,5,0,5,0,0,126.965439546499,37.476216710634
2021,서울,구로구,서울특별시 구로구 구로동(고대구로병원사거리 부근),5,서울특별시 구로구1,5,0,5,0,0,126.883641291613,37.493484887319
2021,서울,금천구,서울특별시 금천구 시흥동(시흥사거리 부근),5,서울특별시 금천구1,5,1,4,0,0,126.90136934562,37.454997941703
2021,서울,중랑구,서울특별시 노원구 상계동(수락산역앞교차로 부근),5,서울특별시 노원구1,6,1,4,1,0,127.054945013802,37.67794885036
2021,서울,중랑구,서울특별시 노원구 중계동(중계동45321 부근),5,서울특별시 노원구2,7,0,6,1,0,127.07364596519,37.659991249797
2021,서울,중랑구,서울특별시 노원구 상계동(당고개역 부근),5,서울특별시 노원구3,5,0,5,0,0,127.080163795424,37.670289848798
2021,서울,도봉구,서울특별시 도봉구 쌍문동(성북택시 부근),5,서울특별시 도봉구1,5,0,5,0,0,127.032472902004,37.644692806029
2021,서울,도봉구,서울특별시 도봉구 창동(창동견인차량보관소 부근),5,서울특별시 도봉구2,5,0,5,0,0,127.049196458251,37.653410727824
2021,서울,도봉구,서울특별시 도봉구 방학동(녹산교회 부근),5,서울특별시 도봉구3,5,0,5,0,0,127.044358071469,37.666010827738
2021,서울,동대문구,서울특별시 동대문구 용두동(경동시장앞교차로 부근),9,서울특별시 동대문구1,10,0,10,0,0,127.038551597779,37.578197693869
2021,서울,동대문구,서울특별시 동대문구 제기동(우리은행청량리중앙지점 부근),9,서울특별시 동대문구2,9,0,9,0,0,127.041037552342,37.579108732283
2021,서울,동대문구,서울특별시 동대문구 제기동(경동시장 부근),8,서울특별시 동대문구3,10,1,8,1,0,127.038313968116,37.579999458609
2021,서울,동대문구,서울특별시 동대문구 제기동(용두교 부근),5,서울특별시 동대문구4,6,0,5,0,1,127.0344723764,37.578542216051
2021,서울,동대문구,서울특별시 동대문구 청량리동(청량리역2번출구 부근),5,서울특별시 동대문구5,5,0,5,0,0,127.044194289636,37.581464465913
2021,서울,동대문구,서울특별시 동대문구 제기동(식당재료유통할인 부근),5,서울특별시 동대문구6,5,0,5,0,0,127.040563502605,37.582532006148
2021,서울,동대문구,서울특별시 동대문구 용두동(성바오로병원앞교차로 부근),5,서울특별시 동대문구7,5,0,5,0,0,127.043300367119,37.579478046975
2021,서울,동작구,서울특별시 동작구 상도동(성대전통시장입구 부근),9,서울특별시 동작구1,10,0,10,0,0,126.932234771618,37.500037912521
2021,서울,동작구,서울특별시 동작구 사당동(사당역사거리 부근),5,서울특별시 동작구2,6,1,4,1,0,126.981495197846,37.476829075203
2021,서울,동작구,서울특별시 동작구 사당동(동작대로27길34 부근),5,서울특별시 동작구3,6,0,6,0,0,126.979605662872,37.488358170694
2021,서울,동작구,서울특별시 동작구 상도동(리치타운 부근),5,서울특별시 동작구4,6,0,5,1,0,126.952616528031,37.497610318562
2021,서울,마포구,서울특별시 마포구 도화동(마포삼성아파트 부근),5,서울특별시 마포구1,5,0,5,0,0,126.949356089013,37.541040373415
2021,서울,서대문구,서울특별시 서대문구 홍제동(홍제교 부근),5,서울특별시 서대문구1,8,1,4,3,0,126.944451021099,37.591853286701
2021,서울,서대문구,서울특별시 서대문구 홍은동(홍은동21715 부근),5,서울특별시 서대문구2,5,1,4,0,0,126.940829130161,37.591475646085
2021,서울,서대문구,서울특별시 서대문구 홍제동(서부빌딩 부근),5,서울특별시 서대문구3,5,1,4,0,0,126.945158735388,37.588070979193
2021,서울,서대문구,서울특별시 서대문구 북아현동(북아현동주민센터 부근),5,서울특별시 서대문구4,5,0,5,0,0,126.956466852165,37.559460826257
2021,서울,서대문구,서울특별시 서대문구 천연동(감리교신학대학교 부근),5,서울특별시 서대문구5,5,0,5,0,0,126.962284312872,37.569222007491
2021,서울,성북구,서울특별시 성북구 하월곡동(성북트리즘빌딩앞교차 부근),6,서울특별시 성북구1,6,0,6,0,0,127.038401321965,37.602533428476
2021,서울,성북구,서울특별시 성북구 삼선동5가(성북경찰서앞교차로 부근),5,서울특별시 성북구2,6,0,5,1,0,127.016053585506,37.589644825149
2021,서울,성북구,서울특별시 성북구 정릉동(길음교 부근),5,서울특별시 성북구3,5,0,5,0,0,127.021413026891,37.601744687069
2021,서울,성북구,서울특별시 성북구 상월곡동(부동산 부근),5,서울특별시 성북구4,5,0,5,0,0,127.046983756396,37.607073401317
2021,서울,성북구,서울특별시 성북구 하월곡동(방천시장입구교차로 부근),5,서울특별시 성북구5,5,0,5,0,0,127.035174342223,37.611353921547
2021,서울,송파구,서울특별시 송파구 가락동(금호아파트 부근),5,서울특별시 송파구1,5,0,5,0,0,127.116442472843,37.495010929812
2021,서울,양천구,서울특별시 양천구 목동(외환은행강서지점 부근),5,서울특별시 양천구1,5,1,4,0,0,126.8712001073,37.547139746403
2021,서울,양천구,서울특별시 양천구 신월동(명성빌딩 부근),5,서울특별시 양천구2,6,0,5,0,1,126.851489423199,37.522516514726
2021,서울,양천구,서울특별시 양천구 신정동(영등포여상사거리 부근),5,서울특별시 양천구3,5,0,5,0,0,126.859384540865,37.525624187707
2021,서울,영등포구,서울특별시 영등포구 영등포동5가(선한치과 부근),5,서울특별시 영등포구1,6,0,5,1,0,126.907871385557,37.51938751882
2021,서울,영등포구,서울특별시 영등포구 영등포동(롯데백화점 부근),5,서울특별시 영등포구2,6,0,5,0,1,126.905409084962,37.515950013183
2021,서울,용산구,서울특별시 용산구 보광동(뽐네일 부근),5,서울특별시 용산구1,5,1,4,0,0,127.000846311409,37.526126529217
2021,서울,은평구,서울특별시 은평구 대조동(불광역6번출구 부근),5,서울특별시 은평구1,6,1,5,0,0,126.929131222929,37.610347780726
2021,서울,은평구,서울특별시 은평구 불광동(불광전화국앞 부근),5,서울특별시 은평구2,5,1,4,0,0,126.928664247258,37.612148197382
2021,서울,은평구,서울특별시 은평구 응암동(파리바게뜨 부근),5,서울특별시 은평구3,5,0,5,0,0,126.917745033308,37.588479735452
2021,서울,은평구,서울특별시 은평구 갈현동(연신내역 부근),5,서울특별시 은평구4,5,0,5,0,0,126.91998493156,37.620938958867
2021,서울,은평구,서울특별시 은평구 신사동(신사1동사무소 부근),5,서울특별시 은평구5,5,0,5,0,0,126.912455587057,37.598548534288
2021,서울,종로구,서울특별시 종로구 관수동(기업은행 부근),5,서울특별시 종로구1,5,0,5,0,0,126.988775100991,37.570241041891
2021,서울,중구,서울특별시 중구 신당동(약수역서울3호선 부근),6,서울특별시 중구1,6,0,6,0,0,127.010852655926,37.553569498834
2021,서울,중구,서울특별시 중구 만리동2가(만리시장 부근),5,서울특별시 중구2,5,1,4,0,0,126.962636379466,37.551737475505
2021,서울,중구,서울특별시 중구 황학동(신당중앙시장 부근),5,서울특별시 중구3,5,0,5,0,0,127.018698633736,37.56586009257
2021,서울,중랑구,서울특별시 노원구 상계동(수락산역앞교차로 부근),5,서울특별시 노원구1,6,1,4,1,0,127.054945013802,37.67794885036
2021,서울,중랑구,서울특별시 노원구 중계동(중계동45321 부근),5,서울특별시 노원구2,7,0,6,1,0,127.07364596519,37.659991249797
2021,서울,중랑구,서울특별시 노원구 상계동(당고개역 부근),5,서울특별시 노원구3,5,0,5,0,0,127.080163795424,37.670289848798
